customer_id,amount,booking_id,room_nights_with_status_2,amount,booking_id,room_nights_with_status_2,amount,booking_id,room_nights_with_status_2
211,,,,1754.0,1.0,1 days 00:00:00.000000000,,,
220,3443.0,2.0,1 days 00:00:00.000000000,,,,1949.0,1.0,1 days 00:00:00.000000000
292,,,,5719.0,1.0,1 days 00:00:00.000000000,,,
648,,,,,,,14815.0,1.0,4 days 00:00:00.000000000
714,,,,,,,2267.0,1.0,0 days 00:00:00.000000000
728,,,,,,,4677.0,1.0,0 days 00:00:00.000000000
765,1949.0,1.0,1 days 00:00:00.000000000,,,,,,
834,,,,,,,3769.0,1.0,1 days 00:00:00.000000000
1731,,,,1819.0,1.0,1 days 00:00:00.000000000,,,
1775,,,,,,,2790.0,1.0,1 days 00:00:00.000000000
1864,4288.0,2.0,2 days 00:00:00.000000000,1494.0,1.0,1 days 00:00:00.000000000,,,
2029,,,,3119.0,1.0,1 days 00:00:00.000000000,,,
2057,,,,,,,4939.0,1.0,0 days 00:00:00.000000000
2133,,,,,,,2014.0,1.0,1 days 00:00:00.000000000
2161,,,,5458.0,2.0,0 days 00:00:00.000000000,,,
2162,4159.0,1.0,1 days 00:00:00.000000000,,,,,,
2202,15918.0,2.0,5 days 00:00:00.000000000,,,,,,
2261,,,,,,,2014.0,1.0,1 days 00:00:00.000000000
2263,,,,,,,3120.0,1.0,1 days 00:00:00.000000000
2562,,,,3388.0,1.0,1 days 00:00:00.000000000,,,
2577,,,,,,,2101.0,1.0,1 days 00:00:00.000000000
2583,,,,,,,1819.0,1.0,1 days 00:00:00.000000000
2827,4157.0,1.0,2 days 00:00:00.000000000,,,,5197.0,1.0,2 days 00:00:00.000000000
2831,,,,,,,2236.0,1.0,1 days 00:00:00.000000000
2861,,,,,,,4484.0,1.0,0 days 00:00:00.000000000
3145,1884.0,1.0,1 days 00:00:00.000000000,1884.0,1.0,1 days 00:00:00.000000000,,,
3176,,,,,,,3188.0,1.0,2 days 00:00:00.000000000
3177,,,,,,,2050.0,1.0,1 days 00:00:00.000000000
3207,,,,1819.0,1.0,1 days 00:00:00.000000000,10460.0,5.0,5 days 00:00:00.000000000
3231,,,,,,,2079.0,1.0,1 days 00:00:00.000000000
3288,,,,3637.0,1.0,0 days 00:00:00.000000000,,,
3398,,,,5651.0,1.0,3 days 00:00:00.000000000,7016.0,2.0,2 days 00:00:00.000000000
3424,2599.0,1.0,1 days 00:00:00.000000000,2014.0,1.0,1 days 00:00:00.000000000,1819.0,1.0,1 days 00:00:00.000000000
3427,,,,,,,4583.0,2.0,1 days 00:00:00.000000000
3449,5978.0,2.0,2 days 00:00:00.000000000,,,,,,
3452,5977.0,1.0,2 days 00:00:00.000000000,,,,,,
3510,,,,2144.0,1.0,1 days 00:00:00.000000000,,,
3574,,,,11531.0,1.0,5 days 00:00:00.000000000,,,
3580,4677.0,1.0,2 days 00:00:00.000000000,,,,,,
3585,2729.0,1.0,0 days 00:00:00.000000000,,,,,,
3770,2339.0,1.0,1 days 00:00:00.000000000,,,,,,
3772,,,,1732.0,1.0,0 days 00:00:00.000000000,,,
3846,,,,1608.0,1.0,0 days 00:00:00.000000000,,,
3929,13708.0,3.0,5 days 00:00:00.000000000,,,,,,
4043,2729.0,1.0,0 days 00:00:00.000000000,,,,,,
4121,4288.0,2.0,0 days 00:00:00.000000000,,,,4523.0,2.0,1 days 00:00:00.000000000
4141,,,,12476.0,1.0,3 days 00:00:00.000000000,,,
4328,,,,,,,2014.0,1.0,1 days 00:00:00.000000000
4377,,,,,,,3588.0,1.0,1 days 00:00:00.000000000
4473,,,,2144.0,1.0,0 days 00:00:00.000000000,,,
4595,4678.0,2.0,1 days 00:00:00.000000000,,,,2209.0,1.0,0 days 00:00:00.000000000
4675,2404.0,1.0,1 days 00:00:00.000000000,4743.0,2.0,1 days 00:00:00.000000000,,,
5049,2469.0,1.0,1 days 00:00:00.000000000,,,,2014.0,1.0,1 days 00:00:00.000000000
5397,,,,5756.0,1.0,2 days 00:00:00.000000000,3938.0,2.0,1 days 00:00:00.000000000
5494,,,,,,,1754.0,1.0,1 days 00:00:00.000000000
5633,,,,1624.0,1.0,1 days 00:00:00.000000000,,,
5868,,,,,,,1819.0,1.0,1 days 00:00:00.000000000
5977,926.0,1.0,1 days 00:00:00.000000000,6627.0,3.0,3 days 00:00:00.000000000,,,
6006,,,,2404.0,1.0,0 days 00:00:00.000000000,1884.0,1.0,0 days 00:00:00.000000000
6014,1754.0,1.0,1 days 00:00:00.000000000,,,,,,
6033,2209.0,1.0,0 days 00:00:00.000000000,,,,,,
6085,,,,4182.0,2.0,2 days 00:00:00.000000000,,,
6114,,,,1856.0,1.0,1 days 00:00:00.000000000,,,
6268,,,,,,,1949.0,1.0,1 days 00:00:00.000000000
6284,2339.0,1.0,0 days 00:00:00.000000000,1888.0,1.0,1 days 00:00:00.000000000,1888.0,1.0,1 days 00:00:00.000000000
6317,,,,6757.0,1.0,0 days 00:00:00.000000000,,,
6513,2924.0,1.0,1 days 00:00:00.000000000,,,,3054.0,1.0,1 days 00:00:00.000000000
6636,,,,,,,1704.0,1.0,1 days 00:00:00.000000000
6845,,,,3118.0,2.0,2 days 00:00:00.000000000,,,
6892,,,,1949.0,1.0,1 days 00:00:00.000000000,,,
6963,,,,,,,3509.0,1.0,0 days 00:00:00.000000000
6989,2209.0,1.0,1 days 00:00:00.000000000,,,,,,
7105,,,,2816.0,1.0,1 days 00:00:00.000000000,,,
7121,2079.0,1.0,1 days 00:00:00.000000000,,,,,,
7282,2469.0,1.0,1 days 00:00:00.000000000,,,,,,
7310,,,,4417.0,1.0,0 days 00:00:00.000000000,,,
7326,3768.0,2.0,2 days 00:00:00.000000000,,,,,,
7412,7668.0,2.0,1 days 00:00:00.000000000,,,,,,
7443,,,,3054.0,1.0,1 days 00:00:00.000000000,,,
7519,,,,,,,10140.0,2.0,3 days 00:00:00.000000000
7592,,,,6237.0,3.0,2 days 00:00:00.000000000,,,
7701,3574.0,1.0,1 days 00:00:00.000000000,,,,,,
7731,1949.0,1.0,0 days 00:00:00.000000000,2014.0,1.0,1 days 00:00:00.000000000,4093.0,2.0,1 days 00:00:00.000000000
7845,,,,2011.0,1.0,1 days 00:00:00.000000000,,,
7936,2729.0,1.0,1 days 00:00:00.000000000,,,,,,
7970,3768.0,2.0,2 days 00:00:00.000000000,3313.0,2.0,1 days 00:00:00.000000000,1624.0,1.0,1 days 00:00:00.000000000
7971,9747.0,3.0,1 days 00:00:00.000000000,,,,,,
8066,1949.0,1.0,0 days 00:00:00.000000000,3638.0,2.0,1 days 00:00:00.000000000,,,
8240,28882.0,1.0,13 days 00:00:00.000000000,,,,,,
8244,1949.0,1.0,1 days 00:00:00.000000000,,,,,,
8353,1949.0,1.0,0 days 00:00:00.000000000,1819.0,1.0,0 days 00:00:00.000000000,3188.0,2.0,1 days 00:00:00.000000000
8380,1624.0,1.0,1 days 00:00:00.000000000,13318.0,2.0,5 days 00:00:00.000000000,,,
8605,2144.0,1.0,0 days 00:00:00.000000000,,,,2339.0,1.0,0 days 00:00:00.000000000
8611,,,,5847.0,1.0,2 days 00:00:00.000000000,,,
8656,,,,,,,8057.0,3.0,3 days 00:00:00.000000000
8680,,,,6934.0,1.0,0 days 00:00:00.000000000,,,
8704,,,,5068.0,2.0,1 days 00:00:00.000000000,31508.0,5.0,16 days 00:00:00.000000000
8760,2469.0,1.0,1 days 00:00:00.000000000,2729.0,1.0,1 days 00:00:00.000000000,7601.0,1.0,0 days 00:00:00.000000000
8861,2144.0,1.0,1 days 00:00:00.000000000,,,,,,
8864,,,,2664.0,1.0,0 days 00:00:00.000000000,1676.0,1.0,1 days 00:00:00.000000000
8873,7371.0,1.0,5 days 00:00:00.000000000,,,,,,
8875,2092.0,1.0,0 days 00:00:00.000000000,,,,,,
9065,,,,7149.0,1.0,3 days 00:00:00.000000000,,,
9108,,,,2469.0,1.0,0 days 00:00:00.000000000,,,
9133,2404.0,1.0,0 days 00:00:00.000000000,7233.0,1.0,2 days 00:00:00.000000000,2014.0,1.0,1 days 00:00:00.000000000
9187,,,,3379.0,1.0,0 days 00:00:00.000000000,,,
9197,6274.0,2.0,0 days 00:00:00.000000000,12235.0,2.0,0 days 00:00:00.000000000,1906.0,1.0,1 days 00:00:00.000000000
9198,4354.0,1.0,1 days 00:00:00.000000000,,,,,,
9298,,,,,,,2859.0,1.0,0 days 00:00:00.000000000
9330,,,,6658.0,2.0,1 days 00:00:00.000000000,14097.0,3.0,2 days 00:00:00.000000000
9338,3574.0,1.0,1 days 00:00:00.000000000,,,,,,
9354,,,,,,,5977.0,1.0,2 days 00:00:00.000000000
9386,,,,,,,2014.0,1.0,0 days 00:00:00.000000000
9560,,,,1364.0,1.0,0 days 00:00:00.000000000,,,
9634,,,,,,,2209.0,1.0,0 days 00:00:00.000000000
9671,4324.0,1.0,2 days 00:00:00.000000000,,,,,,
9732,,,,,,,8317.0,1.0,2 days 00:00:00.000000000
9858,,,,7703.0,4.0,4 days 00:00:00.000000000,8703.0,2.0,5 days 00:00:00.000000000
9894,,,,2989.0,1.0,1 days 00:00:00.000000000,,,
10015,,,,,,,14424.0,3.0,5 days 00:00:00.000000000
10067,,,,,,,2144.0,1.0,0 days 00:00:00.000000000
10362,,,,5652.0,3.0,2 days 00:00:00.000000000,8814.0,4.0,4 days 00:00:00.000000000
10444,,,,,,,3184.0,1.0,1 days 00:00:00.000000000
10453,9028.0,3.0,3 days 00:00:00.000000000,,,,,,
10629,,,,4288.0,2.0,1 days 00:00:00.000000000,1039.0,1.0,1 days 00:00:00.000000000
10757,,,,3184.0,1.0,0 days 00:00:00.000000000,,,
10815,,,,4157.0,1.0,2 days 00:00:00.000000000,,,
10965,,,,7281.0,3.0,1 days 00:00:00.000000000,,,
11025,,,,3963.0,2.0,2 days 00:00:00.000000000,,,
11069,,,,,,,6043.0,2.0,2 days 00:00:00.000000000
11199,,,,,,,2083.0,1.0,1 days 00:00:00.000000000
11332,11692.0,1.0,6 days 00:00:00.000000000,,,,,,
11342,12992.0,2.0,2 days 00:00:00.000000000,,,,,,
11404,1819.0,1.0,0 days 00:00:00.000000000,,,,,,
11659,6237.0,1.0,2 days 00:00:00.000000000,,,,,,
11665,,,,,,,1884.0,1.0,0 days 00:00:00.000000000
11800,,,,,,,1949.0,1.0,0 days 00:00:00.000000000
11931,,,,,,,1899.0,1.0,1 days 00:00:00.000000000
11989,,,,,,,2924.0,1.0,0 days 00:00:00.000000000
12023,2794.0,1.0,1 days 00:00:00.000000000,,,,,,
12114,,,,2491.0,1.0,1 days 00:00:00.000000000,,,
12255,18336.0,4.0,2 days 00:00:00.000000000,,,,,,
12340,,,,,,,11239.0,2.0,4 days 00:00:00.000000000
12354,,,,,,,3184.0,1.0,1 days 00:00:00.000000000
12377,,,,11565.0,1.0,0 days 00:00:00.000000000,6042.0,1.0,2 days 00:00:00.000000000
12484,,,,2534.0,1.0,0 days 00:00:00.000000000,,,
12485,2209.0,1.0,1 days 00:00:00.000000000,,,,8054.0,2.0,4 days 00:00:00.000000000
12781,3119.0,1.0,1 days 00:00:00.000000000,,,,,,
12790,,,,4116.0,1.0,2 days 00:00:00.000000000,,,
13060,,,,2404.0,1.0,1 days 00:00:00.000000000,,,
13091,3378.0,2.0,2 days 00:00:00.000000000,,,,9114.0,5.0,4 days 00:00:00.000000000
13131,2144.0,1.0,1 days 00:00:00.000000000,,,,,,
13138,,,,,,,1949.0,1.0,0 days 00:00:00.000000000
13139,6432.0,3.0,0 days 00:00:00.000000000,,,,,,
13209,4939.0,1.0,0 days 00:00:00.000000000,,,,,,
13359,,,,1888.0,1.0,1 days 00:00:00.000000000,,,
13378,5554.0,3.0,1 days 00:00:00.000000000,5029.0,2.0,1 days 00:00:00.000000000,,,
13380,,,,1976.0,1.0,0 days 00:00:00.000000000,,,
13402,6562.0,1.0,2 days 00:00:00.000000000,,,,,,
13601,3054.0,1.0,1 days 00:00:00.000000000,,,,,,
13605,,,,2204.0,1.0,1 days 00:00:00.000000000,,,
13678,,,,6564.0,1.0,1 days 00:00:00.000000000,,,
13793,2339.0,1.0,1 days 00:00:00.000000000,,,,,,
13794,4874.0,1.0,0 days 00:00:00.000000000,,,,,,
13846,,,,,,,2729.0,1.0,0 days 00:00:00.000000000
13951,8575.0,3.0,4 days 00:00:00.000000000,3442.0,1.0,0 days 00:00:00.000000000,4481.0,2.0,1 days 00:00:00.000000000
13959,8637.0,1.0,4 days 00:00:00.000000000,,,,2192.0,1.0,1 days 00:00:00.000000000
13982,,,,,,,2664.0,1.0,0 days 00:00:00.000000000
14120,2274.0,1.0,1 days 00:00:00.000000000,,,,,,
14499,59254.0,1.0,0 days 00:00:00.000000000,1429.0,1.0,1 days 00:00:00.000000000,,,
14557,,,,22610.0,3.0,3 days 00:00:00.000000000,,,
14601,6042.0,3.0,2 days 00:00:00.000000000,,,,4743.0,2.0,1 days 00:00:00.000000000
14623,2726.0,1.0,0 days 00:00:00.000000000,,,,,,
14674,,,,2508.0,1.0,0 days 00:00:00.000000000,,,
14687,1819.0,1.0,1 days 00:00:00.000000000,,,,,,
14708,,,,4807.0,1.0,2 days 00:00:00.000000000,,,
14742,6044.0,1.0,1 days 00:00:00.000000000,,,,,,
14755,1429.0,1.0,1 days 00:00:00.000000000,,,,,,
14778,11307.0,1.0,0 days 00:00:00.000000000,7406.0,1.0,0 days 00:00:00.000000000,,,
14874,,,,12735.0,1.0,4 days 00:00:00.000000000,,,
14876,,,,,,,2590.0,1.0,2 days 00:00:00.000000000
14942,,,,,,,10395.0,1.0,0 days 00:00:00.000000000
15037,1884.0,1.0,0 days 00:00:00.000000000,,,,,,
15169,,,,,,,25172.0,4.0,0 days 00:00:00.000000000
15300,3119.0,1.0,0 days 00:00:00.000000000,,,,,,
15445,9488.0,2.0,0 days 00:00:00.000000000,,,,6238.0,2.0,2 days 00:00:00.000000000
15447,,,,5192.0,3.0,3 days 00:00:00.000000000,6169.0,2.0,3 days 00:00:00.000000000
15533,3901.0,1.0,1 days 00:00:00.000000000,,,,,,
15573,,,,2404.0,1.0,0 days 00:00:00.000000000,,,
15620,,,,1949.0,1.0,1 days 00:00:00.000000000,,,
15656,10267.0,1.0,0 days 00:00:00.000000000,,,,,,
15767,3574.0,1.0,1 days 00:00:00.000000000,,,,,,
15775,2209.0,1.0,1 days 00:00:00.000000000,,,,,,
15841,,,,,,,3767.0,1.0,2 days 00:00:00.000000000
15900,5240.0,3.0,2 days 00:00:00.000000000,2209.0,1.0,1 days 00:00:00.000000000,,,
15976,,,,,,,2460.0,1.0,0 days 00:00:00.000000000
16015,1457.0,1.0,1 days 00:00:00.000000000,,,,,,
16173,1494.0,1.0,0 days 00:00:00.000000000,,,,,,
16238,,,,,,,5197.0,1.0,2 days 00:00:00.000000000
16277,27937.0,1.0,0 days 00:00:00.000000000,,,,,,
16287,2192.0,1.0,1 days 00:00:00.000000000,,,,,,
16292,2404.0,1.0,1 days 00:00:00.000000000,,,,,,
16566,6755.0,1.0,0 days 00:00:00.000000000,,,,,,
16603,,,,3314.0,1.0,0 days 00:00:00.000000000,,,
16744,2339.0,1.0,1 days 00:00:00.000000000,,,,,,
16808,7794.0,2.0,2 days 00:00:00.000000000,,,,,,
16812,,,,1392.0,1.0,0 days 00:00:00.000000000,,,
16954,,,,6513.0,1.0,3 days 00:00:00.000000000,,,
16959,,,,2144.0,1.0,1 days 00:00:00.000000000,,,
17049,,,,,,,2924.0,1.0,0 days 00:00:00.000000000
17092,,,,2144.0,1.0,1 days 00:00:00.000000000,,,
17106,,,,2079.0,1.0,1 days 00:00:00.000000000,,,
17344,4352.0,1.0,2 days 00:00:00.000000000,,,,,,
17641,1884.0,1.0,1 days 00:00:00.000000000,,,,,,
17715,,,,,,,3120.0,1.0,1 days 00:00:00.000000000
17746,6620.0,1.0,0 days 00:00:00.000000000,,,,,,
17784,,,,7277.0,1.0,0 days 00:00:00.000000000,,,
17865,,,,,,,3444.0,1.0,0 days 00:00:00.000000000
17878,2484.0,1.0,0 days 00:00:00.000000000,,,,,,
17980,,,,6382.0,2.0,1 days 00:00:00.000000000,,,
18009,2014.0,1.0,0 days 00:00:00.000000000,,,,,,
18139,,,,2664.0,1.0,0 days 00:00:00.000000000,,,
18226,10135.0,1.0,0 days 00:00:00.000000000,,,,,,
18261,,,,2014.0,1.0,0 days 00:00:00.000000000,,,
18314,2534.0,1.0,0 days 00:00:00.000000000,,,,,,
18465,,,,,,,2469.0,1.0,1 days 00:00:00.000000000
18521,,,,,,,2274.0,1.0,1 days 00:00:00.000000000
18527,4807.0,1.0,2 days 00:00:00.000000000,,,,,,
18586,,,,,,,7176.0,1.0,2 days 00:00:00.000000000
18625,,,,,,,4521.0,1.0,2 days 00:00:00.000000000
18934,,,,3054.0,1.0,0 days 00:00:00.000000000,,,
18979,4679.0,1.0,0 days 00:00:00.000000000,,,,5541.0,1.0,0 days 00:00:00.000000000
19017,17806.0,4.0,2 days 00:00:00.000000000,,,,,,
19130,3812.0,1.0,2 days 00:00:00.000000000,,,,,,
19221,,,,,,,2209.0,1.0,1 days 00:00:00.000000000
19246,,,,,,,45360.0,1.0,11 days 00:00:00.000000000
19274,,,,,,,10979.0,1.0,0 days 00:00:00.000000000
19309,,,,4157.0,1.0,0 days 00:00:00.000000000,,,
19363,,,,,,,2599.0,1.0,1 days 00:00:00.000000000
19531,10787.0,1.0,0 days 00:00:00.000000000,,,,,,
19536,8511.0,4.0,2 days 00:00:00.000000000,,,,4060.0,2.0,2 days 00:00:00.000000000
19588,,,,2469.0,1.0,1 days 00:00:00.000000000,,,
19760,,,,1888.0,1.0,1 days 00:00:00.000000000,,,
19783,,,,2794.0,1.0,1 days 00:00:00.000000000,,,
19795,,,,1888.0,1.0,1 days 00:00:00.000000000,,,
19943,,,,3574.0,1.0,1 days 00:00:00.000000000,,,
19960,,,,,,,5004.0,1.0,1 days 00:00:00.000000000
19964,4547.0,1.0,0 days 00:00:00.000000000,,,,,,
19988,,,,,,,1477.0,1.0,0 days 00:00:00.000000000
20003,,,,1624.0,1.0,1 days 00:00:00.000000000,,,
20026,7992.0,3.0,3 days 00:00:00.000000000,,,,,,
20133,5718.0,2.0,1 days 00:00:00.000000000,,,,2339.0,1.0,1 days 00:00:00.000000000
20154,3184.0,1.0,1 days 00:00:00.000000000,,,,,,
20223,,,,1993.0,1.0,1 days 00:00:00.000000000,,,
20319,,,,13056.0,1.0,7 days 00:00:00.000000000,,,
20387,,,,,,,9617.0,1.0,2 days 00:00:00.000000000
20408,2534.0,1.0,1 days 00:00:00.000000000,,,,,,
20597,11955.0,1.0,0 days 00:00:00.000000000,8576.0,1.0,3 days 00:00:00.000000000,,,
20754,,,,2664.0,1.0,1 days 00:00:00.000000000,,,
20855,,,,5068.0,2.0,1 days 00:00:00.000000000,,,
20992,,,,,,,2079.0,1.0,1 days 00:00:00.000000000
21016,2599.0,1.0,1 days 00:00:00.000000000,,,,,,
21052,4028.0,2.0,2 days 00:00:00.000000000,,,,,,
21072,,,,,,,1970.0,1.0,0 days 00:00:00.000000000
21152,2014.0,1.0,1 days 00:00:00.000000000,2129.0,1.0,0 days 00:00:00.000000000,,,
21196,,,,,,,4399.0,2.0,1 days 00:00:00.000000000
21219,,,,5717.0,1.0,2 days 00:00:00.000000000,,,
21366,,,,5199.0,1.0,1 days 00:00:00.000000000,,,
21418,1689.0,1.0,0 days 00:00:00.000000000,,,,1949.0,1.0,0 days 00:00:00.000000000
21595,5458.0,2.0,2 days 00:00:00.000000000,,,,,,
21651,,,,,,,7145.0,1.0,3 days 00:00:00.000000000
21661,,,,,,,2766.0,1.0,1 days 00:00:00.000000000
21667,3224.0,1.0,2 days 00:00:00.000000000,,,,,,
21694,6757.0,3.0,0 days 00:00:00.000000000,,,,2404.0,1.0,1 days 00:00:00.000000000
21716,11308.0,2.0,1 days 00:00:00.000000000,11178.0,2.0,2 days 00:00:00.000000000,6369.0,1.0,0 days 00:00:00.000000000
21854,6343.0,2.0,0 days 00:00:00.000000000,4094.0,2.0,2 days 00:00:00.000000000,,,
21954,,,,,,,1993.0,1.0,0 days 00:00:00.000000000
22257,3444.0,1.0,0 days 00:00:00.000000000,,,,,,
22380,,,,,,,2404.0,1.0,1 days 00:00:00.000000000
22534,,,,,,,15614.0,3.0,3 days 00:00:00.000000000
22782,,,,2209.0,1.0,1 days 00:00:00.000000000,,,
22844,,,,2664.0,1.0,1 days 00:00:00.000000000,,,
22852,,,,2534.0,1.0,0 days 00:00:00.000000000,,,
22963,4093.0,2.0,1 days 00:00:00.000000000,4548.0,2.0,0 days 00:00:00.000000000,4743.0,2.0,1 days 00:00:00.000000000
23250,2014.0,1.0,1 days 00:00:00.000000000,,,,,,
23393,,,,4679.0,1.0,0 days 00:00:00.000000000,,,
23457,2274.0,1.0,1 days 00:00:00.000000000,,,,,,
23493,,,,2370.0,1.0,1 days 00:00:00.000000000,2404.0,1.0,1 days 00:00:00.000000000
23503,2859.0,1.0,1 days 00:00:00.000000000,,,,4743.0,2.0,1 days 00:00:00.000000000
23689,,,,4287.0,1.0,0 days 00:00:00.000000000,,,
23705,7472.0,1.0,2 days 00:00:00.000000000,,,,,,
23806,3704.0,2.0,0 days 00:00:00.000000000,,,,,,
23899,,,,,,,2274.0,1.0,1 days 00:00:00.000000000
23913,9032.0,3.0,1 days 00:00:00.000000000,,,,,,
24154,,,,2729.0,1.0,0 days 00:00:00.000000000,,,
24582,1949.0,1.0,1 days 00:00:00.000000000,4966.0,1.0,2 days 00:00:00.000000000,2859.0,1.0,1 days 00:00:00.000000000
24587,,,,1754.0,1.0,1 days 00:00:00.000000000,,,
24613,4159.0,1.0,1 days 00:00:00.000000000,,,,,,
24749,,,,2192.0,1.0,1 days 00:00:00.000000000,,,
24838,2209.0,1.0,1 days 00:00:00.000000000,,,,,,
24964,,,,2079.0,1.0,1 days 00:00:00.000000000,,,
25162,,,,,,,3509.0,1.0,0 days 00:00:00.000000000
25479,2729.0,1.0,0 days 00:00:00.000000000,,,,13514.0,3.0,1 days 00:00:00.000000000
25734,,,,2989.0,1.0,0 days 00:00:00.000000000,,,
25797,,,,,,,4677.0,1.0,0 days 00:00:00.000000000
25812,,,,3769.0,1.0,0 days 00:00:00.000000000,,,
25876,,,,17934.0,2.0,0 days 00:00:00.000000000,2144.0,1.0,1 days 00:00:00.000000000
25889,,,,,,,2924.0,1.0,1 days 00:00:00.000000000
26072,3897.0,1.0,2 days 00:00:00.000000000,,,,,,
26179,2101.0,1.0,1 days 00:00:00.000000000,,,,,,
26389,,,,7927.0,3.0,3 days 00:00:00.000000000,9031.0,4.0,4 days 00:00:00.000000000
26536,8054.0,2.0,4 days 00:00:00.000000000,,,,,,
26820,2274.0,1.0,0 days 00:00:00.000000000,,,,,,
26860,,,,2469.0,1.0,1 days 00:00:00.000000000,,,
26893,,,,,,,1559.0,1.0,0 days 00:00:00.000000000
27112,,,,6237.0,1.0,2 days 00:00:00.000000000,,,
27204,14945.0,3.0,2 days 00:00:00.000000000,,,,,,
27291,2729.0,1.0,1 days 00:00:00.000000000,,,,,,
27328,,,,14360.0,1.0,3 days 00:00:00.000000000,,,
27435,,,,5197.0,1.0,0 days 00:00:00.000000000,,,
27465,,,,5134.0,1.0,0 days 00:00:00.000000000,,,
27492,,,,2794.0,1.0,1 days 00:00:00.000000000,9980.0,5.0,1 days 00:00:00.000000000
27527,,,,3833.0,2.0,1 days 00:00:00.000000000,,,
27876,,,,2283.0,1.0,1 days 00:00:00.000000000,,,
27905,,,,2664.0,1.0,1 days 00:00:00.000000000,3986.0,1.0,1 days 00:00:00.000000000
28143,27288.0,2.0,9 days 00:00:00.000000000,,,,,,
28245,,,,,,,14555.0,1.0,0 days 00:00:00.000000000
28412,,,,,,,2014.0,1.0,1 days 00:00:00.000000000
28523,,,,,,,2274.0,1.0,1 days 00:00:00.000000000
28584,2209.0,1.0,0 days 00:00:00.000000000,,,,,,
28621,,,,3466.0,1.0,0 days 00:00:00.000000000,,,
28805,2859.0,1.0,1 days 00:00:00.000000000,,,,,,
28914,1732.0,1.0,1 days 00:00:00.000000000,,,,,,
29124,2144.0,1.0,0 days 00:00:00.000000000,,,,,,
29269,,,,,,,6530.0,3.0,4 days 00:00:00.000000000
29563,6776.0,1.0,4 days 00:00:00.000000000,,,,,,
29619,2534.0,1.0,1 days 00:00:00.000000000,,,,,,
29627,6159.0,3.0,1 days 00:00:00.000000000,,,,,,
29684,13387.0,3.0,1 days 00:00:00.000000000,,,,,,
29704,,,,,,,1754.0,1.0,1 days 00:00:00.000000000
29885,4354.0,1.0,1 days 00:00:00.000000000,,,,,,
30453,,,,8052.0,2.0,5 days 00:00:00.000000000,,,
30499,,,,10587.0,1.0,4 days 00:00:00.000000000,,,
30578,,,,,,,1868.0,1.0,0 days 00:00:00.000000000
30671,2209.0,1.0,0 days 00:00:00.000000000,,,,,,
30752,,,,,,,2534.0,1.0,1 days 00:00:00.000000000
30922,,,,9617.0,1.0,2 days 00:00:00.000000000,,,
30923,,,,,,,21700.0,1.0,0 days 00:00:00.000000000
30963,2209.0,1.0,1 days 00:00:00.000000000,5653.0,2.0,2 days 00:00:00.000000000,,,
30990,,,,1884.0,1.0,0 days 00:00:00.000000000,,,
30995,2404.0,1.0,0 days 00:00:00.000000000,,,,,,
30999,1949.0,1.0,1 days 00:00:00.000000000,,,,,,
31136,,,,2664.0,1.0,1 days 00:00:00.000000000,1594.0,1.0,1 days 00:00:00.000000000
31316,,,,2209.0,1.0,1 days 00:00:00.000000000,2469.0,1.0,0 days 00:00:00.000000000
31412,,,,2029.0,1.0,1 days 00:00:00.000000000,1949.0,1.0,1 days 00:00:00.000000000
31449,2469.0,1.0,1 days 00:00:00.000000000,21951.0,2.0,2 days 00:00:00.000000000,,,
31583,,,,3834.0,1.0,1 days 00:00:00.000000000,,,
31960,7180.0,1.0,3 days 00:00:00.000000000,,,,,,
31994,,,,,,,11174.0,2.0,0 days 00:00:00.000000000
32005,,,,1884.0,1.0,1 days 00:00:00.000000000,,,
32189,,,,2596.0,1.0,1 days 00:00:00.000000000,,,
32390,13256.0,1.0,3 days 00:00:00.000000000,,,,,,
32581,,,,3448.0,1.0,0 days 00:00:00.000000000,,,
32661,,,,2506.0,1.0,1 days 00:00:00.000000000,,,
32718,,,,,,,1689.0,1.0,0 days 00:00:00.000000000
32772,,,,3507.0,1.0,0 days 00:00:00.000000000,,,
32837,4353.0,2.0,1 days 00:00:00.000000000,,,,,,
32986,1559.0,1.0,1 days 00:00:00.000000000,,,,,,
33021,2252.0,1.0,0 days 00:00:00.000000000,2924.0,1.0,0 days 00:00:00.000000000,,,
33086,,,,2794.0,1.0,1 days 00:00:00.000000000,,,
33092,,,,,,,2729.0,1.0,1 days 00:00:00.000000000
33193,2648.0,1.0,1 days 00:00:00.000000000,,,,,,
33288,2599.0,1.0,1 days 00:00:00.000000000,,,,,,
33359,3054.0,1.0,1 days 00:00:00.000000000,,,,,,
33493,6756.0,2.0,2 days 00:00:00.000000000,,,,5263.0,2.0,1 days 00:00:00.000000000
33558,,,,4360.0,1.0,2 days 00:00:00.000000000,1560.0,1.0,1 days 00:00:00.000000000
33581,2363.0,1.0,1 days 00:00:00.000000000,2729.0,1.0,1 days 00:00:00.000000000,,,
33657,,,,2469.0,1.0,0 days 00:00:00.000000000,,,
33824,5588.0,2.0,1 days 00:00:00.000000000,2534.0,1.0,0 days 00:00:00.000000000,,,
33838,,,,,,,7798.0,2.0,1 days 00:00:00.000000000
33926,2469.0,1.0,1 days 00:00:00.000000000,5198.0,2.0,1 days 00:00:00.000000000,,,
33945,10784.0,2.0,2 days 00:00:00.000000000,,,,,,
33978,4874.0,1.0,1 days 00:00:00.000000000,,,,8705.0,1.0,4 days 00:00:00.000000000
34066,,,,,,,2100.0,1.0,0 days 00:00:00.000000000
34224,,,,3249.0,1.0,0 days 00:00:00.000000000,,,
34633,3205.0,1.0,0 days 00:00:00.000000000,,,,,,
34654,4418.0,2.0,2 days 00:00:00.000000000,,,,,,
34712,3899.0,1.0,1 days 00:00:00.000000000,4224.0,1.0,1 days 00:00:00.000000000,,,
35093,,,,,,,7344.0,1.0,0 days 00:00:00.000000000
35242,,,,,,,1754.0,1.0,1 days 00:00:00.000000000
35292,3834.0,1.0,1 days 00:00:00.000000000,,,,,,
35354,13066.0,2.0,5 days 00:00:00.000000000,,,,,,
35610,2079.0,1.0,1 days 00:00:00.000000000,,,,,,
35729,4532.0,2.0,0 days 00:00:00.000000000,,,,,,
35737,,,,2079.0,1.0,0 days 00:00:00.000000000,,,
35857,14621.0,1.0,3 days 00:00:00.000000000,,,,,,
35923,1665.0,1.0,0 days 00:00:00.000000000,,,,,,
36096,,,,10721.0,1.0,3 days 00:00:00.000000000,,,
36152,,,,3948.0,2.0,2 days 00:00:00.000000000,,,
36632,,,,,,,3812.0,1.0,2 days 00:00:00.000000000
36635,,,,8094.0,2.0,3 days 00:00:00.000000000,,,
36718,2794.0,1.0,0 days 00:00:00.000000000,,,,,,
36787,2284.0,1.0,1 days 00:00:00.000000000,,,,,,
36818,4417.0,1.0,2 days 00:00:00.000000000,,,,,,
36923,,,,,,,6173.0,2.0,1 days 00:00:00.000000000
37146,,,,,,,5048.0,1.0,1 days 00:00:00.000000000
37171,,,,1689.0,1.0,1 days 00:00:00.000000000,,,
37363,13644.0,1.0,0 days 00:00:00.000000000,,,,,,
37423,12689.0,2.0,5 days 00:00:00.000000000,14212.0,2.0,6 days 00:00:00.000000000,,,
37618,,,,8708.0,2.0,1 days 00:00:00.000000000,,,
37622,,,,8057.0,1.0,2 days 00:00:00.000000000,,,
37827,,,,12475.0,1.0,0 days 00:00:00.000000000,,,
37981,5912.0,3.0,2 days 00:00:00.000000000,,,,2014.0,1.0,0 days 00:00:00.000000000
38109,1212.0,1.0,0 days 00:00:00.000000000,,,,,,
38145,,,,2469.0,1.0,1 days 00:00:00.000000000,,,
38733,21055.0,1.0,0 days 00:00:00.000000000,,,,,,
38803,12992.0,2.0,5 days 00:00:00.000000000,,,,,,
38832,,,,1386.0,1.0,1 days 00:00:00.000000000,,,
38837,,,,2989.0,1.0,0 days 00:00:00.000000000,,,
38870,2924.0,1.0,0 days 00:00:00.000000000,,,,,,
39047,,,,,,,6368.0,2.0,1 days 00:00:00.000000000
39669,,,,,,,16634.0,1.0,3 days 00:00:00.000000000
39744,2924.0,1.0,0 days 00:00:00.000000000,,,,,,
39801,,,,,,,1884.0,1.0,0 days 00:00:00.000000000
39916,,,,,,,3664.0,2.0,2 days 00:00:00.000000000
40035,2014.0,1.0,1 days 00:00:00.000000000,,,,,,
40124,,,,,,,2461.0,1.0,0 days 00:00:00.000000000
40129,,,,,,,1949.0,1.0,1 days 00:00:00.000000000
40151,3247.0,1.0,2 days 00:00:00.000000000,,,,,,
40182,3588.0,1.0,1 days 00:00:00.000000000,,,,,,
40195,,,,2274.0,1.0,1 days 00:00:00.000000000,,,
40671,1949.0,1.0,1 days 00:00:00.000000000,,,,,,
40906,,,,2573.0,1.0,1 days 00:00:00.000000000,,,
40981,,,,5719.0,1.0,1 days 00:00:00.000000000,3119.0,1.0,1 days 00:00:00.000000000
41023,,,,3444.0,1.0,0 days 00:00:00.000000000,,,
41034,,,,2339.0,1.0,1 days 00:00:00.000000000,7732.0,1.0,0 days 00:00:00.000000000
41043,,,,8188.0,2.0,0 days 00:00:00.000000000,,,
41098,,,,,,,2014.0,1.0,1 days 00:00:00.000000000
41279,,,,,,,3509.0,1.0,1 days 00:00:00.000000000
41471,9421.0,4.0,2 days 00:00:00.000000000,,,,2339.0,1.0,1 days 00:00:00.000000000
41627,,,,2079.0,1.0,1 days 00:00:00.000000000,2306.0,1.0,1 days 00:00:00.000000000
41757,,,,,,,3509.0,1.0,1 days 00:00:00.000000000
41895,,,,2796.0,1.0,0 days 00:00:00.000000000,,,
42287,,,,2144.0,1.0,1 days 00:00:00.000000000,,,
42304,7406.0,1.0,0 days 00:00:00.000000000,,,,,,
42387,11353.0,3.0,5 days 00:00:00.000000000,,,,2568.0,1.0,1 days 00:00:00.000000000
42484,,,,,,,1949.0,1.0,1 days 00:00:00.000000000
42513,,,,2274.0,1.0,0 days 00:00:00.000000000,,,
42520,,,,2144.0,1.0,1 days 00:00:00.000000000,,,
42531,1949.0,1.0,1 days 00:00:00.000000000,,,,,,
42551,1884.0,1.0,1 days 00:00:00.000000000,,,,,,
42741,7666.0,2.0,2 days 00:00:00.000000000,,,,2729.0,1.0,1 days 00:00:00.000000000
42849,,,,2144.0,1.0,0 days 00:00:00.000000000,,,
42878,19297.0,1.0,0 days 00:00:00.000000000,,,,,,
43107,,,,9683.0,2.0,1 days 00:00:00.000000000,4419.0,1.0,1 days 00:00:00.000000000
43285,,,,,,,2339.0,1.0,1 days 00:00:00.000000000
43287,2014.0,1.0,1 days 00:00:00.000000000,,,,1949.0,1.0,1 days 00:00:00.000000000
43374,6201.0,1.0,2 days 00:00:00.000000000,,,,,,
43432,,,,,,,5590.0,1.0,2 days 00:00:00.000000000
43500,16701.0,2.0,3 days 00:00:00.000000000,,,,,,
43523,2989.0,1.0,0 days 00:00:00.000000000,,,,,,
43620,,,,5717.0,1.0,2 days 00:00:00.000000000,,,
43827,4354.0,1.0,0 days 00:00:00.000000000,,,,,,
43860,,,,2558.0,1.0,1 days 00:00:00.000000000,,,
43903,1494.0,1.0,0 days 00:00:00.000000000,,,,,,
43966,,,,1685.0,1.0,1 days 00:00:00.000000000,,,
44047,17155.0,1.0,4 days 00:00:00.000000000,,,,,,
44087,,,,18455.0,1.0,0 days 00:00:00.000000000,,,
44138,,,,,,,2209.0,1.0,0 days 00:00:00.000000000
44199,2274.0,1.0,0 days 00:00:00.000000000,2274.0,1.0,1 days 00:00:00.000000000,,,
44291,3898.0,2.0,0 days 00:00:00.000000000,2144.0,1.0,1 days 00:00:00.000000000,,,
44356,4418.0,2.0,2 days 00:00:00.000000000,2404.0,1.0,1 days 00:00:00.000000000,,,
44371,2339.0,1.0,1 days 00:00:00.000000000,,,,,,
44490,5719.0,1.0,1 days 00:00:00.000000000,,,,,,
45089,1884.0,1.0,0 days 00:00:00.000000000,1732.0,1.0,0 days 00:00:00.000000000,,,
45090,,,,5654.0,1.0,1 days 00:00:00.000000000,,,
45318,,,,2794.0,1.0,1 days 00:00:00.000000000,,,
45386,,,,1977.0,1.0,0 days 00:00:00.000000000,,,
45412,12800.0,5.0,4 days 00:00:00.000000000,4808.0,2.0,1 days 00:00:00.000000000,,,
45445,1884.0,1.0,1 days 00:00:00.000000000,,,,,,
45569,,,,4808.0,2.0,1 days 00:00:00.000000000,,,
45602,,,,5978.0,2.0,1 days 00:00:00.000000000,,,
45625,1819.0,1.0,1 days 00:00:00.000000000,,,,,,
45644,10784.0,2.0,4 days 00:00:00.000000000,6821.0,1.0,3 days 00:00:00.000000000,9160.0,2.0,4 days 00:00:00.000000000
45817,,,,4287.0,1.0,0 days 00:00:00.000000000,,,
45876,,,,2144.0,1.0,1 days 00:00:00.000000000,,,
45972,,,,4419.0,1.0,1 days 00:00:00.000000000,,,
46095,,,,29375.0,1.0,12 days 00:00:00.000000000,,,
46097,,,,5132.0,1.0,2 days 00:00:00.000000000,,,
46140,12995.0,1.0,4 days 00:00:00.000000000,2469.0,1.0,1 days 00:00:00.000000000,,,
46167,6757.0,1.0,0 days 00:00:00.000000000,6107.0,1.0,2 days 00:00:00.000000000,,,
46174,,,,,,,2794.0,1.0,1 days 00:00:00.000000000
46179,,,,2144.0,1.0,0 days 00:00:00.000000000,,,
46268,1893.0,1.0,0 days 00:00:00.000000000,,,,,,
46373,2729.0,1.0,0 days 00:00:00.000000000,,,,,,
46434,,,,7602.0,1.0,2 days 00:00:00.000000000,,,
46444,,,,11435.0,1.0,0 days 00:00:00.000000000,,,
46608,3271.0,1.0,1 days 00:00:00.000000000,,,,,,
46697,2209.0,1.0,0 days 00:00:00.000000000,,,,,,
46857,,,,3851.0,1.0,1 days 00:00:00.000000000,,,
46975,,,,,,,2106.0,1.0,1 days 00:00:00.000000000
46976,,,,5134.0,1.0,1 days 00:00:00.000000000,5654.0,1.0,0 days 00:00:00.000000000
47054,,,,2209.0,1.0,1 days 00:00:00.000000000,,,
47195,,,,,,,5631.0,3.0,3 days 00:00:00.000000000
47251,,,,,,,8518.0,2.0,3 days 00:00:00.000000000
47276,,,,3229.0,1.0,0 days 00:00:00.000000000,,,
47342,,,,11692.0,2.0,5 days 00:00:00.000000000,,,
47396,,,,10135.0,1.0,4 days 00:00:00.000000000,,,
47628,,,,,,,4299.0,2.0,2 days 00:00:00.000000000
47695,,,,2469.0,1.0,1 days 00:00:00.000000000,,,
47827,,,,,,,2491.0,1.0,1 days 00:00:00.000000000
47942,3508.0,2.0,2 days 00:00:00.000000000,,,,,,
47963,2209.0,1.0,1 days 00:00:00.000000000,4186.0,2.0,2 days 00:00:00.000000000,,,
48070,,,,,,,2729.0,1.0,1 days 00:00:00.000000000
48403,,,,2989.0,1.0,0 days 00:00:00.000000000,,,
48615,3314.0,1.0,1 days 00:00:00.000000000,,,,,,
48657,,,,2857.0,1.0,2 days 00:00:00.000000000,,,
48663,,,,,,,3055.0,1.0,1 days 00:00:00.000000000
48699,15141.0,2.0,3 days 00:00:00.000000000,,,,,,
48802,,,,3054.0,1.0,0 days 00:00:00.000000000,,,
48864,,,,,,,37166.0,1.0,11 days 00:00:00.000000000
48935,1949.0,1.0,0 days 00:00:00.000000000,,,,,,
49071,,,,,,,31192.0,2.0,6 days 00:00:00.000000000
49194,,,,1872.0,1.0,0 days 00:00:00.000000000,,,
49431,2469.0,1.0,1 days 00:00:00.000000000,,,,,,
49442,4223.0,2.0,1 days 00:00:00.000000000,,,,,,
49454,,,,2582.0,1.0,0 days 00:00:00.000000000,,,
49619,12474.0,2.0,2 days 00:00:00.000000000,,,,,,
49800,,,,2209.0,1.0,0 days 00:00:00.000000000,,,
50009,,,,7602.0,1.0,2 days 00:00:00.000000000,,,
50174,5517.0,2.0,1 days 00:00:00.000000000,,,,,,
50187,,,,2794.0,1.0,1 days 00:00:00.000000000,,,
50396,,,,3899.0,1.0,1 days 00:00:00.000000000,,,
50419,12212.0,2.0,0 days 00:00:00.000000000,,,,,,
50471,,,,3119.0,1.0,1 days 00:00:00.000000000,,,
50501,,,,5145.0,1.0,2 days 00:00:00.000000000,,,
50594,,,,1949.0,1.0,0 days 00:00:00.000000000,,,
50628,3704.0,1.0,1 days 00:00:00.000000000,,,,,,
50641,3444.0,1.0,0 days 00:00:00.000000000,,,,,,
50869,5092.0,2.0,1 days 00:00:00.000000000,,,,,,
50900,2729.0,1.0,0 days 00:00:00.000000000,,,,,,
50932,,,,,,,15486.0,1.0,0 days 00:00:00.000000000
50957,,,,2599.0,1.0,0 days 00:00:00.000000000,,,
50981,,,,2664.0,1.0,0 days 00:00:00.000000000,,,
51009,,,,,,,5837.0,1.0,2 days 00:00:00.000000000
51037,,,,,,,1429.0,1.0,1 days 00:00:00.000000000
51090,,,,2035.0,1.0,0 days 00:00:00.000000000,,,
51367,,,,5004.0,1.0,1 days 00:00:00.000000000,2802.0,1.0,1 days 00:00:00.000000000
51469,,,,,,,2859.0,1.0,1 days 00:00:00.000000000
51525,,,,11887.0,1.0,4 days 00:00:00.000000000,,,
51963,,,,3378.0,2.0,2 days 00:00:00.000000000,,,
51987,5912.0,3.0,2 days 00:00:00.000000000,,,,2014.0,1.0,1 days 00:00:00.000000000
52262,,,,2274.0,1.0,0 days 00:00:00.000000000,,,
52281,,,,,,,9353.0,3.0,2 days 00:00:00.000000000
52445,2079.0,1.0,1 days 00:00:00.000000000,,,,2144.0,1.0,1 days 00:00:00.000000000
52447,,,,2136.0,1.0,0 days 00:00:00.000000000,,,
52458,,,,,,,11166.0,1.0,7 days 00:00:00.000000000
52555,,,,1689.0,1.0,1 days 00:00:00.000000000,,,
52617,,,,5327.0,1.0,2 days 00:00:00.000000000,5392.0,1.0,2 days 00:00:00.000000000
52680,,,,22353.0,2.0,6 days 00:00:00.000000000,,,
52787,1754.0,1.0,1 days 00:00:00.000000000,,,,,,
52795,,,,,,,3509.0,1.0,1 days 00:00:00.000000000
52850,,,,14149.0,1.0,4 days 00:00:00.000000000,,,
53008,,,,6628.0,2.0,0 days 00:00:00.000000000,3314.0,1.0,1 days 00:00:00.000000000
53022,1856.0,1.0,0 days 00:00:00.000000000,,,,,,
53047,,,,,,,1624.0,1.0,1 days 00:00:00.000000000
53257,,,,,,,2469.0,1.0,1 days 00:00:00.000000000
53581,,,,,,,2924.0,1.0,1 days 00:00:00.000000000
53934,2274.0,1.0,0 days 00:00:00.000000000,,,,,,
53976,2209.0,1.0,1 days 00:00:00.000000000,,,,,,
54065,,,,4678.0,2.0,2 days 00:00:00.000000000,2144.0,1.0,1 days 00:00:00.000000000
54134,,,,2274.0,1.0,0 days 00:00:00.000000000,,,
54218,,,,4743.0,2.0,0 days 00:00:00.000000000,,,
54504,,,,7796.0,1.0,0 days 00:00:00.000000000,,,
54558,1689.0,1.0,1 days 00:00:00.000000000,,,,,,
54699,,,,,,,1715.0,1.0,0 days 00:00:00.000000000
54842,,,,,,,44314.0,2.0,4 days 00:00:00.000000000
55090,1949.0,1.0,1 days 00:00:00.000000000,,,,,,
55143,28517.0,4.0,5 days 00:00:00.000000000,7018.0,2.0,2 days 00:00:00.000000000,,,
55188,,,,,,,3769.0,1.0,1 days 00:00:00.000000000
55271,2188.0,1.0,1 days 00:00:00.000000000,,,,,,
55369,7927.0,1.0,0 days 00:00:00.000000000,,,,7534.0,2.0,4 days 00:00:00.000000000
55384,,,,6367.0,1.0,0 days 00:00:00.000000000,,,
55389,,,,,,,2285.0,1.0,1 days 00:00:00.000000000
55452,,,,9094.0,2.0,2 days 00:00:00.000000000,,,
55490,,,,,,,6236.0,1.0,3 days 00:00:00.000000000
55529,,,,,,,13774.0,2.0,4 days 00:00:00.000000000
55556,,,,2339.0,1.0,0 days 00:00:00.000000000,,,
55575,,,,3184.0,1.0,1 days 00:00:00.000000000,,,
55576,,,,1949.0,1.0,1 days 00:00:00.000000000,,,
55660,,,,,,,1689.0,1.0,1 days 00:00:00.000000000
55794,,,,,,,1364.0,1.0,0 days 00:00:00.000000000
55815,,,,2469.0,1.0,1 days 00:00:00.000000000,,,
56000,,,,7734.0,1.0,3 days 00:00:00.000000000,,,
56281,,,,,,,21509.0,1.0,3 days 00:00:00.000000000
56421,2339.0,1.0,1 days 00:00:00.000000000,,,,,,
56558,3574.0,1.0,1 days 00:00:00.000000000,,,,3285.0,1.0,1 days 00:00:00.000000000
56630,9357.0,1.0,0 days 00:00:00.000000000,,,,,,
56694,5133.0,2.0,0 days 00:00:00.000000000,3444.0,1.0,1 days 00:00:00.000000000,,,
56894,,,,5263.0,2.0,2 days 00:00:00.000000000,4028.0,2.0,2 days 00:00:00.000000000
56905,,,,,,,10979.0,4.0,5 days 00:00:00.000000000
57004,,,,3286.0,1.0,1 days 00:00:00.000000000,,,
57210,,,,,,,3314.0,1.0,0 days 00:00:00.000000000
57335,,,,3183.0,2.0,1 days 00:00:00.000000000,,,
57438,,,,8575.0,1.0,4 days 00:00:00.000000000,,,
57569,,,,,,,9122.0,1.0,3 days 00:00:00.000000000
57573,2144.0,1.0,1 days 00:00:00.000000000,,,,,,
57736,,,,,,,20320.0,3.0,0 days 00:00:00.000000000
57757,,,,,,,8966.0,1.0,0 days 00:00:00.000000000
57801,3682.0,2.0,1 days 00:00:00.000000000,27975.0,11.0,9 days 00:00:00.000000000,31386.0,15.0,9 days 00:00:00.000000000
57835,,,,,,,6427.0,1.0,2 days 00:00:00.000000000
57879,2794.0,1.0,0 days 00:00:00.000000000,,,,,,
58187,,,,2014.0,1.0,1 days 00:00:00.000000000,,,
58198,,,,,,,34172.0,4.0,9 days 00:00:00.000000000
58266,,,,,,,2339.0,1.0,1 days 00:00:00.000000000
58429,,,,,,,71357.0,6.0,16 days 00:00:00.000000000
58754,,,,1429.0,1.0,0 days 00:00:00.000000000,,,
58858,,,,7861.0,2.0,3 days 00:00:00.000000000,,,
58871,,,,2339.0,1.0,1 days 00:00:00.000000000,,,
59024,,,,,,,12220.0,1.0,4 days 00:00:00.000000000
59140,,,,,,,3769.0,1.0,1 days 00:00:00.000000000
59211,,,,,,,2209.0,1.0,1 days 00:00:00.000000000
59358,,,,,,,1949.0,1.0,0 days 00:00:00.000000000
59454,25147.0,3.0,0 days 00:00:00.000000000,,,,,,
59546,6461.0,2.0,2 days 00:00:00.000000000,,,,,,
59634,2640.0,1.0,0 days 00:00:00.000000000,,,,,,
59752,,,,,,,1689.0,1.0,1 days 00:00:00.000000000
59828,,,,3194.0,1.0,1 days 00:00:00.000000000,,,
59866,1949.0,1.0,1 days 00:00:00.000000000,2014.0,1.0,1 days 00:00:00.000000000,,,
59877,4617.0,2.0,1 days 00:00:00.000000000,1958.0,1.0,0 days 00:00:00.000000000,,,
59986,,,,3054.0,1.0,1 days 00:00:00.000000000,2209.0,1.0,1 days 00:00:00.000000000
60132,4157.0,1.0,2 days 00:00:00.000000000,2267.0,1.0,0 days 00:00:00.000000000,,,
60211,,,,2469.0,1.0,0 days 00:00:00.000000000,,,
60231,1949.0,1.0,1 days 00:00:00.000000000,,,,,,
60296,,,,,,,2859.0,1.0,0 days 00:00:00.000000000
60319,3899.0,1.0,0 days 00:00:00.000000000,,,,,,
60327,,,,,,,2209.0,1.0,0 days 00:00:00.000000000
60375,,,,,,,2469.0,1.0,1 days 00:00:00.000000000
60395,,,,5067.0,3.0,3 days 00:00:00.000000000,,,
60406,6237.0,2.0,1 days 00:00:00.000000000,,,,,,
60460,2404.0,1.0,0 days 00:00:00.000000000,,,,,,
60515,2079.0,1.0,0 days 00:00:00.000000000,,,,,,
60557,3444.0,1.0,0 days 00:00:00.000000000,,,,,,
60635,,,,2209.0,1.0,1 days 00:00:00.000000000,,,
60864,,,,10527.0,1.0,2 days 00:00:00.000000000,,,
60998,,,,,,,5728.0,1.0,2 days 00:00:00.000000000
61254,1949.0,1.0,1 days 00:00:00.000000000,,,,,,
61311,2404.0,1.0,0 days 00:00:00.000000000,3963.0,2.0,1 days 00:00:00.000000000,1884.0,1.0,1 days 00:00:00.000000000
61353,,,,2924.0,1.0,1 days 00:00:00.000000000,,,
61396,6367.0,1.0,0 days 00:00:00.000000000,,,,,,
61516,,,,,,,4126.0,1.0,1 days 00:00:00.000000000
61550,,,,6627.0,1.0,0 days 00:00:00.000000000,,,
61602,2534.0,1.0,0 days 00:00:00.000000000,,,,,,
61768,4219.0,2.0,1 days 00:00:00.000000000,,,,,,
61856,,,,13054.0,2.0,3 days 00:00:00.000000000,,,
61890,,,,5328.0,2.0,2 days 00:00:00.000000000,,,
61921,2209.0,1.0,0 days 00:00:00.000000000,,,,,,
62006,,,,13870.0,3.0,3 days 00:00:00.000000000,,,
62098,2144.0,1.0,1 days 00:00:00.000000000,,,,,,
62101,2192.0,1.0,1 days 00:00:00.000000000,,,,,,
62184,2469.0,1.0,0 days 00:00:00.000000000,,,,,,
62188,7016.0,1.0,3 days 00:00:00.000000000,,,,12279.0,4.0,2 days 00:00:00.000000000
62390,,,,,,,2924.0,1.0,0 days 00:00:00.000000000
62527,,,,,,,2989.0,1.0,1 days 00:00:00.000000000
62582,,,,,,,4937.0,1.0,0 days 00:00:00.000000000
62595,21212.0,1.0,0 days 00:00:00.000000000,,,,,,
62642,5002.0,1.0,2 days 00:00:00.000000000,,,,,,
62941,,,,,,,9355.0,1.0,4 days 00:00:00.000000000
63032,4678.0,2.0,2 days 00:00:00.000000000,,,,5067.0,1.0,2 days 00:00:00.000000000
63053,,,,,,,21631.0,1.0,0 days 00:00:00.000000000
63082,,,,4507.0,2.0,1 days 00:00:00.000000000,,,
63372,,,,1903.0,1.0,1 days 00:00:00.000000000,,,
63511,,,,,,,1912.0,1.0,1 days 00:00:00.000000000
63569,1594.0,1.0,0 days 00:00:00.000000000,,,,,,
63731,,,,2469.0,1.0,1 days 00:00:00.000000000,,,
63819,8949.0,2.0,2 days 00:00:00.000000000,,,,,,
63907,,,,2664.0,1.0,1 days 00:00:00.000000000,2794.0,1.0,1 days 00:00:00.000000000
63945,,,,,,,2200.0,1.0,1 days 00:00:00.000000000
63947,1494.0,1.0,0 days 00:00:00.000000000,,,,,,
63953,,,,,,,2989.0,1.0,0 days 00:00:00.000000000
64143,,,,3704.0,1.0,1 days 00:00:00.000000000,,,
64360,,,,,,,2664.0,1.0,0 days 00:00:00.000000000
64380,,,,,,,10719.0,1.0,5 days 00:00:00.000000000
64580,,,,,,,119629.0,1.0,0 days 00:00:00.000000000
64673,,,,4224.0,1.0,1 days 00:00:00.000000000,,,
64784,,,,6107.0,1.0,0 days 00:00:00.000000000,,,
64828,,,,,,,8912.0,4.0,1 days 00:00:00.000000000
64904,2427.0,1.0,1 days 00:00:00.000000000,,,,,,
64956,3899.0,1.0,1 days 00:00:00.000000000,,,,,,
65068,,,,,,,1624.0,1.0,1 days 00:00:00.000000000
65208,5589.0,1.0,1 days 00:00:00.000000000,,,,,,
65242,,,,1494.0,1.0,0 days 00:00:00.000000000,,,
65516,,,,2144.0,1.0,0 days 00:00:00.000000000,,,
65660,8834.0,2.0,5 days 00:00:00.000000000,,,,,,
65796,6822.0,3.0,3 days 00:00:00.000000000,,,,,,
65873,3119.0,1.0,1 days 00:00:00.000000000,,,,,,
65977,,,,3249.0,1.0,1 days 00:00:00.000000000,,,
66097,3574.0,1.0,0 days 00:00:00.000000000,,,,,,
66108,,,,3119.0,1.0,0 days 00:00:00.000000000,,,
66504,24615.0,3.0,6 days 00:00:00.000000000,,,,20531.0,2.0,7 days 00:00:00.000000000
66598,,,,3184.0,1.0,1 days 00:00:00.000000000,,,
66762,3509.0,1.0,1 days 00:00:00.000000000,9487.0,3.0,1 days 00:00:00.000000000,12801.0,4.0,4 days 00:00:00.000000000
66828,4744.0,1.0,0 days 00:00:00.000000000,,,,,,
66896,,,,,,,2144.0,1.0,0 days 00:00:00.000000000
66909,,,,,,,4389.0,1.0,2 days 00:00:00.000000000
67129,7618.0,1.0,4 days 00:00:00.000000000,,,,,,
67277,4872.0,1.0,2 days 00:00:00.000000000,,,,,,
67529,,,,2664.0,1.0,1 days 00:00:00.000000000,1299.0,1.0,1 days 00:00:00.000000000
67635,,,,2989.0,1.0,0 days 00:00:00.000000000,,,
67664,1884.0,1.0,0 days 00:00:00.000000000,,,,,,
67726,6108.0,2.0,2 days 00:00:00.000000000,,,,,,
67743,2144.0,1.0,0 days 00:00:00.000000000,,,,5523.0,2.0,0 days 00:00:00.000000000
67744,,,,1664.0,1.0,1 days 00:00:00.000000000,,,
67747,,,,3463.0,1.0,2 days 00:00:00.000000000,,,
67915,,,,,,,1912.0,1.0,1 days 00:00:00.000000000
68109,,,,3785.0,2.0,1 days 00:00:00.000000000,,,
68127,2339.0,1.0,1 days 00:00:00.000000000,,,,,,
68193,14035.0,1.0,0 days 00:00:00.000000000,8705.0,1.0,0 days 00:00:00.000000000,29633.0,4.0,0 days 00:00:00.000000000
68240,2005.0,1.0,1 days 00:00:00.000000000,,,,,,
68265,,,,2443.0,1.0,0 days 00:00:00.000000000,,,
68688,,,,8596.0,1.0,2 days 00:00:00.000000000,,,
68720,,,,2339.0,1.0,1 days 00:00:00.000000000,,,
68800,6510.0,1.0,0 days 00:00:00.000000000,,,,,,
68866,6824.0,1.0,0 days 00:00:00.000000000,,,,,,
68922,2339.0,1.0,1 days 00:00:00.000000000,2079.0,1.0,1 days 00:00:00.000000000,2404.0,1.0,1 days 00:00:00.000000000
69059,,,,9747.0,1.0,2 days 00:00:00.000000000,10397.0,1.0,2 days 00:00:00.000000000
69073,2209.0,1.0,1 days 00:00:00.000000000,,,,,,
69202,,,,2469.0,1.0,1 days 00:00:00.000000000,2534.0,1.0,1 days 00:00:00.000000000
69332,,,,,,,3767.0,1.0,2 days 00:00:00.000000000
69366,5522.0,1.0,0 days 00:00:00.000000000,,,,,,
69402,2852.0,1.0,1 days 00:00:00.000000000,,,,,,
69450,8381.0,4.0,2 days 00:00:00.000000000,,,,,,
69522,,,,1936.0,1.0,1 days 00:00:00.000000000,,,
69586,,,,,,,2006.0,1.0,1 days 00:00:00.000000000
69610,9554.0,1.0,1 days 00:00:00.000000000,,,,,,
69650,,,,,,,4091.0,1.0,3 days 00:00:00.000000000
69680,,,,,,,3964.0,1.0,0 days 00:00:00.000000000
69723,,,,1494.0,1.0,1 days 00:00:00.000000000,,,
69750,10332.0,3.0,1 days 00:00:00.000000000,,,,,,
69769,3119.0,1.0,1 days 00:00:00.000000000,,,,,,
69807,,,,4027.0,1.0,2 days 00:00:00.000000000,,,
69881,,,,3379.0,1.0,0 days 00:00:00.000000000,,,
69975,,,,1689.0,1.0,1 days 00:00:00.000000000,,,
70196,,,,2339.0,1.0,0 days 00:00:00.000000000,,,
70262,,,,,,,1169.0,1.0,1 days 00:00:00.000000000
70263,,,,3416.0,1.0,1 days 00:00:00.000000000,,,
70558,,,,,,,3184.0,1.0,1 days 00:00:00.000000000
70651,,,,,,,7992.0,3.0,3 days 00:00:00.000000000
70892,2664.0,1.0,1 days 00:00:00.000000000,,,,,,
70944,,,,4677.0,1.0,2 days 00:00:00.000000000,,,
71170,2987.0,1.0,2 days 00:00:00.000000000,,,,,,
71320,,,,,,,2534.0,1.0,0 days 00:00:00.000000000
71338,2404.0,1.0,1 days 00:00:00.000000000,,,,,,
71382,9159.0,2.0,4 days 00:00:00.000000000,4540.0,1.0,2 days 00:00:00.000000000,11628.0,3.0,5 days 00:00:00.000000000
71428,3899.0,1.0,1 days 00:00:00.000000000,7925.0,1.0,3 days 00:00:00.000000000,,,
71704,1754.0,1.0,1 days 00:00:00.000000000,2144.0,1.0,1 days 00:00:00.000000000,,,
71766,,,,,,,1624.0,1.0,1 days 00:00:00.000000000
71800,1594.0,1.0,0 days 00:00:00.000000000,1386.0,1.0,1 days 00:00:00.000000000,,,
71922,8574.0,2.0,2 days 00:00:00.000000000,,,,,,
71982,,,,2989.0,1.0,0 days 00:00:00.000000000,,,
71996,5457.0,1.0,2 days 00:00:00.000000000,17351.0,1.0,0 days 00:00:00.000000000,,,
72025,2534.0,1.0,1 days 00:00:00.000000000,,,,,,
72061,,,,7018.0,2.0,2 days 00:00:00.000000000,3054.0,1.0,1 days 00:00:00.000000000
72165,,,,,,,4224.0,1.0,1 days 00:00:00.000000000
72186,,,,2327.0,1.0,0 days 00:00:00.000000000,,,
72253,3054.0,1.0,0 days 00:00:00.000000000,5523.0,2.0,0 days 00:00:00.000000000,,,
72648,1949.0,1.0,1 days 00:00:00.000000000,6713.0,3.0,2 days 00:00:00.000000000,,,
72656,23910.0,2.0,4 days 00:00:00.000000000,,,,,,
72674,11384.0,1.0,3 days 00:00:00.000000000,,,,,,
72807,6173.0,2.0,1 days 00:00:00.000000000,,,,,,
72844,,,,4593.0,1.0,1 days 00:00:00.000000000,4159.0,1.0,1 days 00:00:00.000000000
72883,,,,2534.0,1.0,1 days 00:00:00.000000000,,,
73006,,,,17675.0,4.0,2 days 00:00:00.000000000,,,
73042,3897.0,1.0,2 days 00:00:00.000000000,,,,,,
73065,,,,,,,2209.0,1.0,1 days 00:00:00.000000000
73181,,,,,,,6626.0,2.0,3 days 00:00:00.000000000
73210,,,,4354.0,1.0,1 days 00:00:00.000000000,,,
73278,,,,1299.0,1.0,1 days 00:00:00.000000000,,,
73651,,,,,,,2274.0,1.0,1 days 00:00:00.000000000
73708,3588.0,1.0,1 days 00:00:00.000000000,,,,,,
73873,,,,,,,19492.0,1.0,0 days 00:00:00.000000000
73902,,,,2664.0,1.0,0 days 00:00:00.000000000,,,
74224,,,,,,,3964.0,1.0,1 days 00:00:00.000000000
74325,3362.0,2.0,1 days 00:00:00.000000000,,,,,,
74343,,,,2404.0,1.0,0 days 00:00:00.000000000,,,
74427,,,,7731.0,2.0,0 days 00:00:00.000000000,,,
74628,3054.0,1.0,0 days 00:00:00.000000000,,,,,,
74653,3444.0,1.0,1 days 00:00:00.000000000,6628.0,2.0,2 days 00:00:00.000000000,,,
74860,9811.0,4.0,2 days 00:00:00.000000000,10526.0,4.0,2 days 00:00:00.000000000,33975.0,3.0,6 days 00:00:00.000000000
75070,4028.0,2.0,0 days 00:00:00.000000000,,,,,,
75121,9812.0,1.0,0 days 00:00:00.000000000,,,,,,
75141,,,,2274.0,1.0,1 days 00:00:00.000000000,,,
75155,,,,,,,1494.0,1.0,1 days 00:00:00.000000000
75173,,,,2729.0,1.0,1 days 00:00:00.000000000,,,
75174,,,,,,,1299.0,1.0,1 days 00:00:00.000000000
75341,,,,3897.0,1.0,2 days 00:00:00.000000000,,,
75795,,,,3656.0,1.0,2 days 00:00:00.000000000,,,
75870,4567.0,2.0,1 days 00:00:00.000000000,,,,2079.0,1.0,0 days 00:00:00.000000000
75928,4688.0,2.0,0 days 00:00:00.000000000,,,,,,
75950,2079.0,1.0,1 days 00:00:00.000000000,,,,,,
76046,,,,3316.0,1.0,0 days 00:00:00.000000000,2924.0,1.0,0 days 00:00:00.000000000
76262,,,,3588.0,1.0,1 days 00:00:00.000000000,,,
76269,,,,7537.0,1.0,0 days 00:00:00.000000000,,,
76337,,,,,,,2599.0,1.0,1 days 00:00:00.000000000
76528,,,,,,,2794.0,1.0,0 days 00:00:00.000000000
76786,,,,2144.0,1.0,0 days 00:00:00.000000000,,,
76836,,,,,,,4347.0,1.0,2 days 00:00:00.000000000
76847,,,,,,,4157.0,1.0,2 days 00:00:00.000000000
76850,1104.0,1.0,1 days 00:00:00.000000000,,,,,,
76858,,,,,,,1819.0,1.0,1 days 00:00:00.000000000
76893,,,,,,,2274.0,1.0,0 days 00:00:00.000000000
76917,,,,1754.0,1.0,1 days 00:00:00.000000000,,,
77061,,,,4547.0,1.0,0 days 00:00:00.000000000,2859.0,1.0,1 days 00:00:00.000000000
77175,,,,3557.0,1.0,2 days 00:00:00.000000000,,,
77179,23383.0,3.0,9 days 00:00:00.000000000,82708.0,7.0,28 days 00:00:00.000000000,,,
77525,3768.0,2.0,1 days 00:00:00.000000000,,,,,,
77745,33755.0,5.0,1 days 00:00:00.000000000,31727.0,3.0,0 days 00:00:00.000000000,51006.0,5.0,1 days 00:00:00.000000000
77837,10331.0,1.0,0 days 00:00:00.000000000,,,,,,
77901,,,,2573.0,1.0,1 days 00:00:00.000000000,2675.0,1.0,1 days 00:00:00.000000000
77935,1949.0,1.0,1 days 00:00:00.000000000,,,,2014.0,1.0,1 days 00:00:00.000000000
78264,3509.0,1.0,0 days 00:00:00.000000000,,,,,,
78365,,,,16308.0,7.0,7 days 00:00:00.000000000,28196.0,12.0,12 days 00:00:00.000000000
78447,,,,7322.0,1.0,0 days 00:00:00.000000000,,,
78454,4046.0,2.0,0 days 00:00:00.000000000,,,,,,
78626,3444.0,1.0,1 days 00:00:00.000000000,,,,,,
78628,2206.0,1.0,1 days 00:00:00.000000000,,,,,,
78645,2469.0,1.0,0 days 00:00:00.000000000,,,,,,
78646,2903.0,1.0,1 days 00:00:00.000000000,,,,,,
78706,,,,1949.0,1.0,1 days 00:00:00.000000000,,,
78708,,,,7016.0,2.0,1 days 00:00:00.000000000,,,
78900,2133.0,1.0,1 days 00:00:00.000000000,,,,,,
78903,,,,8382.0,1.0,2 days 00:00:00.000000000,,,
78914,2209.0,1.0,1 days 00:00:00.000000000,,,,,,
79319,,,,2339.0,1.0,0 days 00:00:00.000000000,,,
79346,,,,4874.0,1.0,1 days 00:00:00.000000000,,,
79348,2989.0,1.0,1 days 00:00:00.000000000,,,,,,
79360,2209.0,1.0,1 days 00:00:00.000000000,,,,2664.0,1.0,1 days 00:00:00.000000000
79414,,,,,,,2014.0,1.0,1 days 00:00:00.000000000
79434,,,,3639.0,1.0,1 days 00:00:00.000000000,,,
79500,,,,5018.0,1.0,2 days 00:00:00.000000000,,,
79732,,,,2339.0,1.0,0 days 00:00:00.000000000,,,
80607,1819.0,1.0,1 days 00:00:00.000000000,,,,,,
80621,3169.0,1.0,0 days 00:00:00.000000000,,,,,,
81387,,,,,,,8385.0,1.0,3 days 00:00:00.000000000
81480,2079.0,1.0,0 days 00:00:00.000000000,,,,,,
81637,1949.0,1.0,1 days 00:00:00.000000000,,,,,,
81672,2404.0,1.0,0 days 00:00:00.000000000,,,,,,
81709,2192.0,1.0,0 days 00:00:00.000000000,,,,,,
81775,7147.0,3.0,1 days 00:00:00.000000000,,,,2674.0,1.0,0 days 00:00:00.000000000
82026,,,,,,,1949.0,1.0,1 days 00:00:00.000000000
82104,,,,1754.0,1.0,0 days 00:00:00.000000000,,,
82195,,,,2534.0,1.0,0 days 00:00:00.000000000,,,
82206,,,,3964.0,1.0,1 days 00:00:00.000000000,,,
82240,10397.0,1.0,0 days 00:00:00.000000000,,,,,,
82622,2729.0,1.0,1 days 00:00:00.000000000,,,,,,
82641,,,,,,,6497.0,1.0,0 days 00:00:00.000000000
82702,11434.0,2.0,2 days 00:00:00.000000000,,,,,,
82864,,,,,,,2773.0,1.0,1 days 00:00:00.000000000
82881,6627.0,1.0,2 days 00:00:00.000000000,,,,21052.0,2.0,0 days 00:00:00.000000000
83024,,,,2144.0,1.0,0 days 00:00:00.000000000,,,
83178,,,,,,,2534.0,1.0,0 days 00:00:00.000000000
83467,2274.0,1.0,1 days 00:00:00.000000000,,,,,,
83516,,,,2664.0,1.0,1 days 00:00:00.000000000,,,
83686,2404.0,1.0,1 days 00:00:00.000000000,,,,1949.0,1.0,0 days 00:00:00.000000000
83735,2079.0,1.0,1 days 00:00:00.000000000,2209.0,1.0,1 days 00:00:00.000000000,,,
83841,13095.0,2.0,2 days 00:00:00.000000000,,,,,,
83896,5849.0,1.0,1 days 00:00:00.000000000,5132.0,1.0,2 days 00:00:00.000000000,,,
83992,,,,,,,3739.0,1.0,2 days 00:00:00.000000000
84259,3379.0,1.0,1 days 00:00:00.000000000,,,,,,
84287,,,,,,,3189.0,1.0,0 days 00:00:00.000000000
84630,,,,16240.0,1.0,6 days 00:00:00.000000000,,,
85093,,,,2794.0,1.0,1 days 00:00:00.000000000,,,
85307,5719.0,1.0,0 days 00:00:00.000000000,,,,,,
85351,3684.0,1.0,2 days 00:00:00.000000000,,,,,,
85376,2729.0,1.0,1 days 00:00:00.000000000,,,,5002.0,3.0,2 days 00:00:00.000000000
85412,2231.0,1.0,0 days 00:00:00.000000000,4487.0,2.0,2 days 00:00:00.000000000,1888.0,1.0,1 days 00:00:00.000000000
85427,,,,,,,2599.0,1.0,1 days 00:00:00.000000000
85431,,,,2534.0,1.0,1 days 00:00:00.000000000,2171.0,1.0,0 days 00:00:00.000000000
85555,22870.0,1.0,0 days 00:00:00.000000000,11710.0,1.0,4 days 00:00:00.000000000,,,
85562,2664.0,1.0,1 days 00:00:00.000000000,,,,,,
85588,,,,,,,1594.0,1.0,1 days 00:00:00.000000000
85699,,,,4354.0,1.0,1 days 00:00:00.000000000,,,
85715,4399.0,1.0,0 days 00:00:00.000000000,,,,,,
85876,25644.0,1.0,14 days 00:00:00.000000000,,,,,,
85993,,,,4288.0,2.0,1 days 00:00:00.000000000,,,
86029,,,,3769.0,1.0,1 days 00:00:00.000000000,,,
86098,2599.0,1.0,1 days 00:00:00.000000000,,,,3444.0,1.0,0 days 00:00:00.000000000
86187,,,,2469.0,1.0,1 days 00:00:00.000000000,,,
86258,,,,,,,1754.0,1.0,1 days 00:00:00.000000000
86273,,,,2469.0,1.0,1 days 00:00:00.000000000,,,
86311,3199.0,1.0,1 days 00:00:00.000000000,,,,,,
86456,,,,4092.0,1.0,2 days 00:00:00.000000000,,,
86555,,,,,,,1885.0,1.0,1 days 00:00:00.000000000
86676,,,,,,,2209.0,1.0,1 days 00:00:00.000000000
86713,,,,,,,1594.0,1.0,1 days 00:00:00.000000000
86742,3962.0,1.0,2 days 00:00:00.000000000,,,,,,
86889,,,,1732.0,1.0,0 days 00:00:00.000000000,,,
87053,,,,,,,2751.0,1.0,0 days 00:00:00.000000000
87218,83538.0,1.0,0 days 00:00:00.000000000,,,,,,
87373,,,,4352.0,1.0,0 days 00:00:00.000000000,,,
87662,5977.0,1.0,2 days 00:00:00.000000000,,,,,,
87679,3117.0,1.0,2 days 00:00:00.000000000,,,,1559.0,1.0,1 days 00:00:00.000000000
87734,,,,2339.0,1.0,1 days 00:00:00.000000000,2664.0,1.0,1 days 00:00:00.000000000
87764,8705.0,5.0,2 days 00:00:00.000000000,,,,,,
87768,28368.0,3.0,5 days 00:00:00.000000000,,,,2859.0,1.0,1 days 00:00:00.000000000
88044,,,,,,,12217.0,1.0,2 days 00:00:00.000000000
88392,9676.0,1.0,3 days 00:00:00.000000000,,,,,,
88424,,,,2014.0,1.0,0 days 00:00:00.000000000,1364.0,1.0,1 days 00:00:00.000000000
88586,,,,,,,2274.0,1.0,1 days 00:00:00.000000000
88692,,,,,,,29887.0,1.0,0 days 00:00:00.000000000
88774,31585.0,1.0,4 days 00:00:00.000000000,,,,,,
88846,,,,,,,2924.0,1.0,1 days 00:00:00.000000000
88880,,,,,,,2404.0,1.0,0 days 00:00:00.000000000
88934,,,,,,,3378.0,2.0,1 days 00:00:00.000000000
88939,10397.0,3.0,3 days 00:00:00.000000000,,,,,,
89579,15725.0,2.0,1 days 00:00:00.000000000,,,,,,
89798,,,,,,,13190.0,1.0,3 days 00:00:00.000000000
89811,1689.0,1.0,1 days 00:00:00.000000000,,,,,,
89928,5067.0,1.0,2 days 00:00:00.000000000,,,,,,
90036,9033.0,2.0,2 days 00:00:00.000000000,,,,,,
90112,,,,7796.0,2.0,3 days 00:00:00.000000000,,,
90622,,,,5654.0,1.0,1 days 00:00:00.000000000,,,
90625,2079.0,1.0,1 days 00:00:00.000000000,2404.0,1.0,1 days 00:00:00.000000000,,,
90948,,,,,,,9552.0,3.0,0 days 00:00:00.000000000
91083,2534.0,1.0,1 days 00:00:00.000000000,,,,,,
91232,,,,1819.0,1.0,0 days 00:00:00.000000000,,,
91545,,,,,,,7796.0,1.0,0 days 00:00:00.000000000
91632,,,,4417.0,1.0,2 days 00:00:00.000000000,,,
91702,2794.0,1.0,1 days 00:00:00.000000000,,,,,,
91912,,,,,,,3649.0,2.0,2 days 00:00:00.000000000
91936,,,,,,,4354.0,1.0,0 days 00:00:00.000000000
92056,,,,,,,1906.0,1.0,0 days 00:00:00.000000000
92309,2079.0,1.0,0 days 00:00:00.000000000,,,,,,
92416,,,,,,,4224.0,1.0,1 days 00:00:00.000000000
92417,,,,2079.0,1.0,1 days 00:00:00.000000000,,,
92430,,,,,,,2274.0,1.0,0 days 00:00:00.000000000
92482,2404.0,1.0,1 days 00:00:00.000000000,,,,,,
92557,,,,,,,2924.0,1.0,1 days 00:00:00.000000000
92590,3119.0,1.0,0 days 00:00:00.000000000,,,,,,
92694,,,,5588.0,2.0,1 days 00:00:00.000000000,,,
92904,12021.0,4.0,2 days 00:00:00.000000000,,,,,,
93021,,,,9747.0,3.0,2 days 00:00:00.000000000,,,
93144,1732.0,1.0,0 days 00:00:00.000000000,,,,,,
93174,,,,,,,2181.0,1.0,1 days 00:00:00.000000000
93264,1300.0,1.0,1 days 00:00:00.000000000,,,,,,
93346,,,,3574.0,1.0,1 days 00:00:00.000000000,,,
93351,,,,2687.0,1.0,1 days 00:00:00.000000000,,,
93374,,,,7679.0,2.0,4 days 00:00:00.000000000,,,
93508,,,,,,,1624.0,1.0,0 days 00:00:00.000000000
93801,,,,2220.0,1.0,1 days 00:00:00.000000000,,,
94034,2811.0,1.0,0 days 00:00:00.000000000,,,,,,
94128,,,,,,,1819.0,1.0,1 days 00:00:00.000000000
94377,3576.0,1.0,1 days 00:00:00.000000000,2274.0,1.0,1 days 00:00:00.000000000,,,
94413,,,,3184.0,1.0,1 days 00:00:00.000000000,,,
94430,,,,6626.0,1.0,0 days 00:00:00.000000000,,,
94477,,,,,,,1819.0,1.0,1 days 00:00:00.000000000
94520,,,,4441.0,1.0,2 days 00:00:00.000000000,,,
94861,,,,2599.0,1.0,1 days 00:00:00.000000000,,,
95107,,,,,,,2664.0,1.0,0 days 00:00:00.000000000
95113,6626.0,1.0,3 days 00:00:00.000000000,,,,,,
95174,2092.0,1.0,1 days 00:00:00.000000000,,,,,,
95557,,,,6887.0,1.0,2 days 00:00:00.000000000,,,
95960,,,,2553.0,1.0,1 days 00:00:00.000000000,,,
96027,,,,,,,3247.0,1.0,2 days 00:00:00.000000000
96030,,,,4612.0,1.0,2 days 00:00:00.000000000,2599.0,1.0,0 days 00:00:00.000000000
96106,6431.0,1.0,3 days 00:00:00.000000000,,,,,,
96349,,,,,,,1559.0,1.0,1 days 00:00:00.000000000
96563,2274.0,1.0,1 days 00:00:00.000000000,,,,2339.0,1.0,1 days 00:00:00.000000000
96585,,,,,,,7926.0,2.0,3 days 00:00:00.000000000
96803,,,,8510.0,1.0,3 days 00:00:00.000000000,,,
97046,3184.0,1.0,0 days 00:00:00.000000000,,,,,,
97164,2276.0,1.0,1 days 00:00:00.000000000,,,,,,
97348,,,,,,,3524.0,1.0,1 days 00:00:00.000000000
97561,,,,,,,1661.0,1.0,0 days 00:00:00.000000000
97682,5214.0,1.0,0 days 00:00:00.000000000,,,,,,
97745,,,,2339.0,1.0,0 days 00:00:00.000000000,,,
97775,6101.0,2.0,1 days 00:00:00.000000000,,,,,,
97841,,,,2685.0,1.0,0 days 00:00:00.000000000,,,
98247,,,,,,,1871.0,1.0,1 days 00:00:00.000000000
98294,1949.0,1.0,1 days 00:00:00.000000000,2404.0,1.0,0 days 00:00:00.000000000,,,
98338,2924.0,1.0,0 days 00:00:00.000000000,,,,,,
98373,3768.0,2.0,1 days 00:00:00.000000000,,,,,,
98551,,,,2339.0,1.0,1 days 00:00:00.000000000,,,
98717,,,,,,,4217.0,1.0,0 days 00:00:00.000000000
98742,,,,,,,7278.0,2.0,2 days 00:00:00.000000000
98785,,,,2924.0,1.0,1 days 00:00:00.000000000,,,
98876,,,,,,,3249.0,1.0,1 days 00:00:00.000000000
99071,,,,5652.0,1.0,2 days 00:00:00.000000000,,,
99316,7391.0,1.0,3 days 00:00:00.000000000,,,,,,
99396,2144.0,1.0,1 days 00:00:00.000000000,2404.0,1.0,1 days 00:00:00.000000000,,,
99420,,,,,,,1794.0,1.0,1 days 00:00:00.000000000
99465,,,,,,,10135.0,1.0,4 days 00:00:00.000000000
99730,,,,,,,10847.0,1.0,0 days 00:00:00.000000000
99794,2042.0,1.0,1 days 00:00:00.000000000,,,,,,
99817,,,,,,,4562.0,2.0,2 days 00:00:00.000000000
100139,8447.0,1.0,2 days 00:00:00.000000000,,,,21572.0,2.0,2 days 00:00:00.000000000
100197,,,,,,,1884.0,1.0,1 days 00:00:00.000000000
100201,2014.0,1.0,0 days 00:00:00.000000000,,,,,,
100305,,,,5392.0,1.0,2 days 00:00:00.000000000,,,
100336,,,,,,,2795.0,1.0,1 days 00:00:00.000000000
100536,2404.0,1.0,0 days 00:00:00.000000000,,,,,,
100627,7668.0,2.0,0 days 00:00:00.000000000,,,,,,
100771,,,,,,,4688.0,2.0,2 days 00:00:00.000000000
100829,,,,,,,4287.0,1.0,2 days 00:00:00.000000000
100836,3637.0,1.0,0 days 00:00:00.000000000,,,,,,
100935,,,,,,,2209.0,1.0,1 days 00:00:00.000000000
100962,2094.0,1.0,0 days 00:00:00.000000000,,,,,,
101051,,,,2924.0,1.0,1 days 00:00:00.000000000,,,
101088,,,,,,,2274.0,1.0,0 days 00:00:00.000000000
101173,,,,,,,26305.0,4.0,9 days 00:00:00.000000000
101446,,,,4548.0,2.0,0 days 00:00:00.000000000,,,
101548,5524.0,3.0,1 days 00:00:00.000000000,,,,,,
101625,3703.0,2.0,1 days 00:00:00.000000000,,,,1884.0,1.0,1 days 00:00:00.000000000
101925,12667.0,1.0,0 days 00:00:00.000000000,,,,,,
102430,2469.0,1.0,0 days 00:00:00.000000000,,,,,,
102620,,,,,,,3374.0,1.0,1 days 00:00:00.000000000
102793,,,,5199.0,1.0,1 days 00:00:00.000000000,,,
103003,2977.0,1.0,0 days 00:00:00.000000000,,,,,,
103227,,,,3117.0,1.0,0 days 00:00:00.000000000,,,
103317,2236.0,1.0,1 days 00:00:00.000000000,,,,,,
103992,,,,,,,1819.0,1.0,1 days 00:00:00.000000000
104160,,,,62711.0,3.0,6 days 00:00:00.000000000,,,
104479,,,,,,,2313.0,1.0,0 days 00:00:00.000000000
104980,,,,2868.0,2.0,1 days 00:00:00.000000000,,,
105035,,,,,,,4807.0,1.0,2 days 00:00:00.000000000
105268,,,,,,,15636.0,3.0,0 days 00:00:00.000000000
105510,2783.0,1.0,1 days 00:00:00.000000000,,,,,,
105620,,,,8772.0,3.0,2 days 00:00:00.000000000,,,
105919,,,,5533.0,1.0,0 days 00:00:00.000000000,,,
106080,,,,,,,2014.0,1.0,1 days 00:00:00.000000000
106125,,,,,,,6044.0,2.0,0 days 00:00:00.000000000
106210,12679.0,5.0,3 days 00:00:00.000000000,9355.0,3.0,1 days 00:00:00.000000000,8944.0,2.0,3 days 00:00:00.000000000
106295,,,,2924.0,1.0,1 days 00:00:00.000000000,,,
106307,2795.0,1.0,2 days 00:00:00.000000000,,,,,,
106487,,,,,,,3899.0,1.0,0 days 00:00:00.000000000
106508,,,,8447.0,3.0,2 days 00:00:00.000000000,,,
106583,,,,4484.0,1.0,1 days 00:00:00.000000000,,,
106720,,,,9682.0,1.0,0 days 00:00:00.000000000,,,
106764,2274.0,1.0,0 days 00:00:00.000000000,,,,2209.0,1.0,1 days 00:00:00.000000000
106867,,,,,,,7535.0,1.0,4 days 00:00:00.000000000
106973,6043.0,2.0,0 days 00:00:00.000000000,,,,2729.0,1.0,0 days 00:00:00.000000000
106977,2534.0,1.0,0 days 00:00:00.000000000,,,,2469.0,1.0,0 days 00:00:00.000000000
107041,,,,5004.0,2.0,1 days 00:00:00.000000000,2664.0,1.0,0 days 00:00:00.000000000
107073,5416.0,2.0,1 days 00:00:00.000000000,,,,,,
107105,4488.0,1.0,2 days 00:00:00.000000000,,,,,,
107187,3704.0,1.0,1 days 00:00:00.000000000,,,,,,
107622,,,,2664.0,1.0,1 days 00:00:00.000000000,,,
107631,3509.0,1.0,1 days 00:00:00.000000000,,,,,,
107726,19624.0,2.0,2 days 00:00:00.000000000,,,,,,
107937,,,,,,,2404.0,1.0,0 days 00:00:00.000000000
108129,5003.0,2.0,2 days 00:00:00.000000000,,,,,,
108140,,,,,,,2209.0,1.0,0 days 00:00:00.000000000
108169,1949.0,1.0,0 days 00:00:00.000000000,,,,,,
108360,5068.0,2.0,1 days 00:00:00.000000000,4223.0,2.0,1 days 00:00:00.000000000,9321.0,4.0,1 days 00:00:00.000000000
108885,3563.0,1.0,0 days 00:00:00.000000000,5524.0,1.0,0 days 00:00:00.000000000,,,
109075,1884.0,1.0,1 days 00:00:00.000000000,,,,3638.0,2.0,2 days 00:00:00.000000000
109142,,,,2794.0,1.0,1 days 00:00:00.000000000,,,
109230,,,,,,,3508.0,2.0,1 days 00:00:00.000000000
109602,,,,2664.0,1.0,0 days 00:00:00.000000000,,,
109945,7082.0,1.0,0 days 00:00:00.000000000,,,,,,
109970,,,,,,,2079.0,1.0,1 days 00:00:00.000000000
109973,4743.0,2.0,1 days 00:00:00.000000000,,,,1840.0,1.0,0 days 00:00:00.000000000
110246,1949.0,1.0,1 days 00:00:00.000000000,,,,,,
110256,,,,,,,3375.0,2.0,2 days 00:00:00.000000000
110402,1949.0,1.0,0 days 00:00:00.000000000,,,,,,
110482,,,,17216.0,2.0,9 days 00:00:00.000000000,,,
110650,,,,,,,2079.0,1.0,1 days 00:00:00.000000000
110810,,,,1884.0,1.0,1 days 00:00:00.000000000,,,
111098,2664.0,1.0,1 days 00:00:00.000000000,3487.0,1.0,0 days 00:00:00.000000000,,,
111153,2599.0,1.0,1 days 00:00:00.000000000,,,,,,
111743,,,,,,,2014.0,1.0,0 days 00:00:00.000000000
111771,,,,,,,2469.0,1.0,0 days 00:00:00.000000000
111950,2729.0,1.0,1 days 00:00:00.000000000,3588.0,1.0,0 days 00:00:00.000000000,2197.0,1.0,0 days 00:00:00.000000000
112239,,,,,,,6739.0,1.0,0 days 00:00:00.000000000
112410,,,,2469.0,1.0,0 days 00:00:00.000000000,,,
112455,,,,,,,1754.0,1.0,1 days 00:00:00.000000000
112514,,,,10785.0,1.0,0 days 00:00:00.000000000,,,
112615,11755.0,3.0,2 days 00:00:00.000000000,,,,,,
112619,,,,8577.0,3.0,0 days 00:00:00.000000000,,,
112633,3379.0,1.0,0 days 00:00:00.000000000,,,,,,
112913,26255.0,1.0,4 days 00:00:00.000000000,,,,,,
112916,7093.0,1.0,2 days 00:00:00.000000000,,,,2274.0,1.0,1 days 00:00:00.000000000
113593,,,,,,,1819.0,1.0,0 days 00:00:00.000000000
113777,,,,,,,1798.0,1.0,1 days 00:00:00.000000000
113815,,,,7148.0,2.0,2 days 00:00:00.000000000,,,
113889,4257.0,2.0,2 days 00:00:00.000000000,1754.0,1.0,1 days 00:00:00.000000000,6261.0,3.0,3 days 00:00:00.000000000
113931,,,,13387.0,1.0,2 days 00:00:00.000000000,,,
114013,13449.0,2.0,0 days 00:00:00.000000000,,,,6368.0,2.0,0 days 00:00:00.000000000
114316,4808.0,2.0,0 days 00:00:00.000000000,2274.0,1.0,1 days 00:00:00.000000000,,,
114366,,,,2209.0,1.0,0 days 00:00:00.000000000,,,
114490,2339.0,1.0,1 days 00:00:00.000000000,2079.0,1.0,1 days 00:00:00.000000000,4288.0,2.0,2 days 00:00:00.000000000
114763,4614.0,1.0,0 days 00:00:00.000000000,,,,,,
115233,,,,10527.0,1.0,2 days 00:00:00.000000000,,,
115308,,,,,,,18253.0,5.0,5 days 00:00:00.000000000
115430,,,,,,,2891.0,1.0,1 days 00:00:00.000000000
115548,5456.0,1.0,0 days 00:00:00.000000000,,,,,,
115643,,,,,,,2794.0,1.0,1 days 00:00:00.000000000
116003,,,,,,,2469.0,1.0,1 days 00:00:00.000000000
116321,,,,,,,2079.0,1.0,1 days 00:00:00.000000000
116379,,,,2274.0,1.0,1 days 00:00:00.000000000,,,
116485,,,,,,,1950.0,1.0,1 days 00:00:00.000000000
116510,,,,1884.0,1.0,1 days 00:00:00.000000000,,,
116513,,,,,,,1386.0,1.0,1 days 00:00:00.000000000
116791,1689.0,1.0,0 days 00:00:00.000000000,,,,,,
116920,,,,,,,2179.0,1.0,1 days 00:00:00.000000000
117378,5717.0,1.0,2 days 00:00:00.000000000,2274.0,1.0,1 days 00:00:00.000000000,7277.0,1.0,0 days 00:00:00.000000000
117528,,,,,,,5280.0,2.0,0 days 00:00:00.000000000
117555,,,,9617.0,1.0,0 days 00:00:00.000000000,,,
117605,3461.0,1.0,2 days 00:00:00.000000000,,,,,,
118052,,,,,,,4612.0,1.0,2 days 00:00:00.000000000
118118,4224.0,1.0,1 days 00:00:00.000000000,,,,,,
118644,,,,,,,4612.0,1.0,2 days 00:00:00.000000000
118645,,,,1560.0,1.0,0 days 00:00:00.000000000,,,
118825,,,,,,,2924.0,1.0,1 days 00:00:00.000000000
118827,,,,2404.0,1.0,0 days 00:00:00.000000000,5262.0,3.0,1 days 00:00:00.000000000
118918,,,,,,,2144.0,1.0,0 days 00:00:00.000000000
119048,3227.0,1.0,0 days 00:00:00.000000000,,,,,,
119112,6302.0,3.0,1 days 00:00:00.000000000,,,,2053.0,1.0,0 days 00:00:00.000000000
119314,2404.0,1.0,0 days 00:00:00.000000000,,,,,,
119441,18194.0,1.0,0 days 00:00:00.000000000,,,,,,
119466,9617.0,3.0,0 days 00:00:00.000000000,4483.0,2.0,0 days 00:00:00.000000000,,,
119500,6466.0,3.0,2 days 00:00:00.000000000,,,,,,
119565,6498.0,2.0,2 days 00:00:00.000000000,3314.0,1.0,1 days 00:00:00.000000000,,,
119652,,,,,,,3444.0,1.0,0 days 00:00:00.000000000
119697,,,,,,,6399.0,1.0,2 days 00:00:00.000000000
119953,,,,7797.0,1.0,0 days 00:00:00.000000000,,,
120340,13323.0,2.0,2 days 00:00:00.000000000,2600.0,1.0,0 days 00:00:00.000000000,4549.0,1.0,0 days 00:00:00.000000000
120371,3184.0,1.0,1 days 00:00:00.000000000,,,,,,
120625,2058.0,1.0,1 days 00:00:00.000000000,2339.0,1.0,0 days 00:00:00.000000000,,,
121362,,,,6821.0,1.0,0 days 00:00:00.000000000,,,
121394,3726.0,1.0,2 days 00:00:00.000000000,,,,,,
121442,,,,1299.0,1.0,0 days 00:00:00.000000000,,,
121461,,,,10134.0,2.0,0 days 00:00:00.000000000,,,
121464,3509.0,1.0,1 days 00:00:00.000000000,,,,12764.0,4.0,0 days 00:00:00.000000000
121536,,,,1884.0,1.0,0 days 00:00:00.000000000,,,
121598,6562.0,1.0,2 days 00:00:00.000000000,,,,,,
121674,10917.0,1.0,2 days 00:00:00.000000000,,,,,,
121698,,,,2354.0,1.0,1 days 00:00:00.000000000,2293.0,1.0,1 days 00:00:00.000000000
121788,,,,,,,2664.0,1.0,0 days 00:00:00.000000000
122076,,,,,,,1494.0,1.0,1 days 00:00:00.000000000
122111,,,,11369.0,2.0,2 days 00:00:00.000000000,,,
122286,,,,,,,6108.0,2.0,1 days 00:00:00.000000000
122311,,,,,,,6041.0,1.0,0 days 00:00:00.000000000
122472,3249.0,1.0,1 days 00:00:00.000000000,,,,,,
122482,,,,,,,1689.0,1.0,0 days 00:00:00.000000000
122529,,,,,,,7796.0,1.0,3 days 00:00:00.000000000
122584,16114.0,2.0,4 days 00:00:00.000000000,19556.0,2.0,3 days 00:00:00.000000000,15398.0,3.0,5 days 00:00:00.000000000
122587,1949.0,1.0,1 days 00:00:00.000000000,,,,,,
122969,,,,2144.0,1.0,1 days 00:00:00.000000000,,,
122970,,,,,,,11374.0,2.0,3 days 00:00:00.000000000
123102,,,,1836.0,1.0,1 days 00:00:00.000000000,,,
123820,2079.0,1.0,1 days 00:00:00.000000000,,,,,,
123857,,,,,,,2794.0,1.0,1 days 00:00:00.000000000
123932,3899.0,1.0,1 days 00:00:00.000000000,,,,,,
123989,,,,,,,2144.0,1.0,1 days 00:00:00.000000000
124084,,,,2989.0,1.0,0 days 00:00:00.000000000,,,
124236,,,,,,,5067.0,1.0,2 days 00:00:00.000000000
124252,,,,6164.0,2.0,1 days 00:00:00.000000000,,,
124286,,,,,,,3184.0,1.0,0 days 00:00:00.000000000
124293,,,,,,,2561.0,1.0,1 days 00:00:00.000000000
124446,,,,,,,10137.0,1.0,0 days 00:00:00.000000000
124801,3379.0,1.0,0 days 00:00:00.000000000,,,,,,
125092,1559.0,1.0,1 days 00:00:00.000000000,2664.0,1.0,1 days 00:00:00.000000000,,,
125127,6174.0,1.0,0 days 00:00:00.000000000,,,,,,
125141,1732.0,1.0,0 days 00:00:00.000000000,,,,,,
125282,,,,,,,1743.0,1.0,1 days 00:00:00.000000000
126313,6043.0,2.0,2 days 00:00:00.000000000,,,,,,
126315,16372.0,1.0,6 days 00:00:00.000000000,,,,,,
126588,,,,7343.0,2.0,2 days 00:00:00.000000000,18260.0,5.0,5 days 00:00:00.000000000
126821,7991.0,2.0,3 days 00:00:00.000000000,6561.0,2.0,0 days 00:00:00.000000000,,,
126952,,,,2404.0,1.0,0 days 00:00:00.000000000,,,
126993,,,,,,,5588.0,2.0,1 days 00:00:00.000000000
127103,,,,,,,1884.0,1.0,1 days 00:00:00.000000000
127171,,,,182947.0,7.0,3 days 00:00:00.000000000,,,
127299,,,,,,,2599.0,1.0,1 days 00:00:00.000000000
127446,2599.0,1.0,1 days 00:00:00.000000000,,,,,,
127496,,,,,,,3008.0,1.0,0 days 00:00:00.000000000
127661,14551.0,1.0,7 days 00:00:00.000000000,,,,,,
127745,,,,5983.0,1.0,2 days 00:00:00.000000000,,,
127850,6778.0,3.0,1 days 00:00:00.000000000,,,,,,
127919,1559.0,1.0,1 days 00:00:00.000000000,,,,,,
128016,,,,2404.0,1.0,0 days 00:00:00.000000000,,,
128226,7406.0,1.0,3 days 00:00:00.000000000,2534.0,1.0,1 days 00:00:00.000000000,,,
128513,2050.0,1.0,1 days 00:00:00.000000000,,,,,,
128523,,,,,,,3388.0,1.0,0 days 00:00:00.000000000
128524,,,,,,,2079.0,1.0,1 days 00:00:00.000000000
128702,4298.0,2.0,1 days 00:00:00.000000000,,,,,,
128782,3249.0,1.0,0 days 00:00:00.000000000,,,,,,
128795,,,,2079.0,1.0,1 days 00:00:00.000000000,,,
128921,1620.0,1.0,0 days 00:00:00.000000000,,,,,,
128934,,,,,,,3897.0,1.0,2 days 00:00:00.000000000
128997,,,,3819.0,1.0,2 days 00:00:00.000000000,,,
129101,,,,2144.0,1.0,0 days 00:00:00.000000000,,,
129331,,,,7960.0,1.0,3 days 00:00:00.000000000,,,
129346,,,,12605.0,1.0,4 days 00:00:00.000000000,,,
129376,2404.0,1.0,0 days 00:00:00.000000000,2852.0,1.0,1 days 00:00:00.000000000,2469.0,1.0,1 days 00:00:00.000000000
129377,,,,,,,7731.0,2.0,3 days 00:00:00.000000000
129595,,,,,,,30951.0,4.0,0 days 00:00:00.000000000
129675,,,,1884.0,1.0,1 days 00:00:00.000000000,10656.0,2.0,2 days 00:00:00.000000000
129987,,,,3084.0,1.0,1 days 00:00:00.000000000,,,
130031,1949.0,1.0,1 days 00:00:00.000000000,,,,,,
130034,7797.0,1.0,0 days 00:00:00.000000000,,,,5587.0,1.0,2 days 00:00:00.000000000
130118,4029.0,1.0,0 days 00:00:00.000000000,,,,,,
130164,,,,4549.0,1.0,0 days 00:00:00.000000000,,,
130583,,,,,,,4029.0,1.0,1 days 00:00:00.000000000
130739,,,,4743.0,2.0,2 days 00:00:00.000000000,2404.0,1.0,1 days 00:00:00.000000000
130844,3704.0,1.0,0 days 00:00:00.000000000,,,,,,
130893,,,,,,,2664.0,1.0,0 days 00:00:00.000000000
130908,,,,18123.0,3.0,9 days 00:00:00.000000000,,,
131261,6368.0,2.0,1 days 00:00:00.000000000,5523.0,2.0,2 days 00:00:00.000000000,,,
131959,,,,7667.0,1.0,2 days 00:00:00.000000000,,,
132149,,,,,,,7374.0,1.0,2 days 00:00:00.000000000
132187,2079.0,1.0,1 days 00:00:00.000000000,,,,1494.0,1.0,1 days 00:00:00.000000000
132205,,,,3868.0,1.0,0 days 00:00:00.000000000,,,
132447,11177.0,1.0,2 days 00:00:00.000000000,,,,,,
132459,,,,,,,1712.0,1.0,1 days 00:00:00.000000000
132542,,,,,,,2392.0,1.0,1 days 00:00:00.000000000
132693,,,,,,,1741.0,1.0,0 days 00:00:00.000000000
132914,,,,8966.0,1.0,3 days 00:00:00.000000000,,,
132971,9097.0,1.0,2 days 00:00:00.000000000,,,,,,
133115,13837.0,3.0,6 days 00:00:00.000000000,2144.0,1.0,1 days 00:00:00.000000000,8444.0,2.0,2 days 00:00:00.000000000
133215,5457.0,1.0,0 days 00:00:00.000000000,,,,,,
133250,6693.0,2.0,2 days 00:00:00.000000000,3099.0,1.0,1 days 00:00:00.000000000,,,
133399,22111.0,3.0,10 days 00:00:00.000000000,8835.0,1.0,4 days 00:00:00.000000000,,,
133407,,,,5717.0,1.0,2 days 00:00:00.000000000,,,
133499,,,,,,,2404.0,1.0,1 days 00:00:00.000000000
133740,8206.0,1.0,3 days 00:00:00.000000000,,,,,,
133863,,,,,,,8708.0,2.0,1 days 00:00:00.000000000
133948,,,,1949.0,1.0,1 days 00:00:00.000000000,,,
134014,,,,3062.0,1.0,0 days 00:00:00.000000000,,,
134107,,,,3054.0,1.0,1 days 00:00:00.000000000,,,
134266,,,,2773.0,1.0,0 days 00:00:00.000000000,,,
134314,,,,,,,2404.0,1.0,1 days 00:00:00.000000000
134413,3054.0,1.0,0 days 00:00:00.000000000,6108.0,2.0,1 days 00:00:00.000000000,10493.0,3.0,0 days 00:00:00.000000000
134416,,,,,,,3870.0,2.0,2 days 00:00:00.000000000
134588,2989.0,1.0,0 days 00:00:00.000000000,,,,,,
134836,5848.0,2.0,2 days 00:00:00.000000000,11826.0,4.0,0 days 00:00:00.000000000,2599.0,1.0,0 days 00:00:00.000000000
134918,2253.0,1.0,1 days 00:00:00.000000000,,,,,,
134930,,,,,,,9237.0,1.0,0 days 00:00:00.000000000
135369,,,,,,,2274.0,1.0,1 days 00:00:00.000000000
135454,,,,2209.0,1.0,1 days 00:00:00.000000000,,,
135460,9799.0,2.0,1 days 00:00:00.000000000,,,,,,
135672,,,,3184.0,1.0,0 days 00:00:00.000000000,,,
135873,1559.0,1.0,1 days 00:00:00.000000000,6561.0,2.0,3 days 00:00:00.000000000,,,
135886,,,,2209.0,1.0,1 days 00:00:00.000000000,,,
136094,,,,8188.0,2.0,1 days 00:00:00.000000000,3509.0,1.0,0 days 00:00:00.000000000
136170,3184.0,1.0,1 days 00:00:00.000000000,,,,1884.0,1.0,0 days 00:00:00.000000000
136424,,,,8237.0,2.0,3 days 00:00:00.000000000,,,
136431,6952.0,3.0,2 days 00:00:00.000000000,,,,,,
136456,1559.0,1.0,1 days 00:00:00.000000000,,,,,,
136459,,,,,,,1733.0,1.0,0 days 00:00:00.000000000
136602,,,,,,,1689.0,1.0,1 days 00:00:00.000000000
137026,,,,13190.0,1.0,3 days 00:00:00.000000000,,,
137032,,,,,,,14682.0,9.0,8 days 00:00:00.000000000
137078,4742.0,1.0,0 days 00:00:00.000000000,,,,,,
137115,1884.0,1.0,1 days 00:00:00.000000000,,,,,,
137366,3314.0,1.0,1 days 00:00:00.000000000,,,,,,
137438,6698.0,1.0,0 days 00:00:00.000000000,,,,,,
137492,15986.0,8.0,7 days 00:00:00.000000000,15467.0,7.0,6 days 00:00:00.000000000,6367.0,3.0,3 days 00:00:00.000000000
137548,2469.0,1.0,1 days 00:00:00.000000000,,,,,,
137573,5393.0,2.0,0 days 00:00:00.000000000,2144.0,1.0,0 days 00:00:00.000000000,,,
137777,,,,1689.0,1.0,0 days 00:00:00.000000000,,,
137899,,,,,,,2209.0,1.0,1 days 00:00:00.000000000
137974,4223.0,2.0,2 days 00:00:00.000000000,,,,,,
138055,3249.0,1.0,1 days 00:00:00.000000000,3314.0,1.0,0 days 00:00:00.000000000,,,
138286,,,,3054.0,1.0,1 days 00:00:00.000000000,2794.0,1.0,1 days 00:00:00.000000000
138423,,,,3471.0,1.0,2 days 00:00:00.000000000,5733.0,1.0,3 days 00:00:00.000000000
138579,91962.0,1.0,0 days 00:00:00.000000000,,,,,,
138882,5781.0,2.0,2 days 00:00:00.000000000,,,,,,
139191,,,,,,,2014.0,1.0,0 days 00:00:00.000000000
139275,,,,2534.0,1.0,1 days 00:00:00.000000000,,,
139383,,,,1884.0,1.0,1 days 00:00:00.000000000,1949.0,1.0,1 days 00:00:00.000000000
139399,,,,,,,9677.0,1.0,0 days 00:00:00.000000000
139421,,,,,,,1494.0,1.0,0 days 00:00:00.000000000
139495,,,,,,,16575.0,3.0,2 days 00:00:00.000000000
139513,,,,10837.0,1.0,0 days 00:00:00.000000000,9298.0,2.0,2 days 00:00:00.000000000
139526,,,,,,,3444.0,1.0,1 days 00:00:00.000000000
139720,12539.0,2.0,0 days 00:00:00.000000000,,,,,,
139865,2664.0,1.0,0 days 00:00:00.000000000,14555.0,1.0,3 days 00:00:00.000000000,,,
140493,51264.0,12.0,0 days 00:00:00.000000000,40895.0,8.0,0 days 00:00:00.000000000,77644.0,13.0,0 days 00:00:00.000000000
140507,5327.0,1.0,0 days 00:00:00.000000000,,,,5792.0,1.0,2 days 00:00:00.000000000
140525,,,,,,,1754.0,1.0,0 days 00:00:00.000000000
140961,4782.0,2.0,1 days 00:00:00.000000000,1905.0,1.0,0 days 00:00:00.000000000,,,
141064,2209.0,1.0,0 days 00:00:00.000000000,1949.0,1.0,0 days 00:00:00.000000000,,,
141201,,,,1819.0,1.0,1 days 00:00:00.000000000,,,
141329,,,,,,,6322.0,2.0,1 days 00:00:00.000000000
141373,4223.0,2.0,2 days 00:00:00.000000000,,,,3702.0,1.0,2 days 00:00:00.000000000
141430,,,,2209.0,1.0,0 days 00:00:00.000000000,,,
141491,2274.0,1.0,1 days 00:00:00.000000000,,,,,,
141740,2404.0,1.0,0 days 00:00:00.000000000,,,,6317.0,3.0,2 days 00:00:00.000000000
141761,1754.0,1.0,0 days 00:00:00.000000000,,,,,,
141952,,,,,,,2209.0,1.0,1 days 00:00:00.000000000
142058,,,,,,,7017.0,1.0,2 days 00:00:00.000000000
142186,1732.0,1.0,1 days 00:00:00.000000000,,,,1949.0,1.0,1 days 00:00:00.000000000
142194,,,,,,,3119.0,1.0,0 days 00:00:00.000000000
142265,2989.0,1.0,0 days 00:00:00.000000000,,,,,,
142291,,,,,,,8252.0,1.0,2 days 00:00:00.000000000
142383,,,,12086.0,1.0,3 days 00:00:00.000000000,,,
142432,,,,5197.0,1.0,2 days 00:00:00.000000000,,,
142556,,,,2534.0,1.0,1 days 00:00:00.000000000,,,
142597,,,,4548.0,2.0,2 days 00:00:00.000000000,,,
142628,,,,,,,1559.0,1.0,1 days 00:00:00.000000000
142836,,,,,,,6174.0,1.0,0 days 00:00:00.000000000
142920,,,,5457.0,1.0,0 days 00:00:00.000000000,,,
143053,,,,,,,3947.0,2.0,1 days 00:00:00.000000000
143110,,,,4744.0,1.0,1 days 00:00:00.000000000,,,
143237,2599.0,1.0,0 days 00:00:00.000000000,,,,,,
143278,,,,3832.0,1.0,2 days 00:00:00.000000000,,,
143338,17087.0,8.0,8 days 00:00:00.000000000,,,,,,
143748,,,,,,,6265.0,2.0,1 days 00:00:00.000000000
143913,,,,,,,2859.0,1.0,1 days 00:00:00.000000000
143969,5977.0,1.0,2 days 00:00:00.000000000,,,,,,
143977,8054.0,2.0,2 days 00:00:00.000000000,,,,,,
144052,,,,,,,1949.0,1.0,1 days 00:00:00.000000000
144056,,,,4938.0,2.0,1 days 00:00:00.000000000,,,
144450,3509.0,1.0,1 days 00:00:00.000000000,,,,,,
144642,2079.0,1.0,1 days 00:00:00.000000000,,,,,,
144682,,,,,,,7927.0,1.0,2 days 00:00:00.000000000
144909,,,,4289.0,1.0,0 days 00:00:00.000000000,8057.0,1.0,2 days 00:00:00.000000000
145095,,,,,,,3812.0,1.0,0 days 00:00:00.000000000
145104,,,,2859.0,1.0,1 days 00:00:00.000000000,,,
145478,,,,3946.0,2.0,2 days 00:00:00.000000000,,,
145486,4939.0,1.0,0 days 00:00:00.000000000,,,,,,
145504,3510.0,1.0,2 days 00:00:00.000000000,,,,,,
145519,,,,,,,4937.0,1.0,0 days 00:00:00.000000000
145528,,,,2924.0,1.0,0 days 00:00:00.000000000,,,
145651,,,,,,,3588.0,1.0,1 days 00:00:00.000000000
145744,4613.0,2.0,1 days 00:00:00.000000000,2339.0,1.0,1 days 00:00:00.000000000,6432.0,3.0,3 days 00:00:00.000000000
145776,,,,2599.0,1.0,0 days 00:00:00.000000000,,,
145809,,,,1689.0,1.0,1 days 00:00:00.000000000,,,
145838,,,,3814.0,2.0,2 days 00:00:00.000000000,3818.0,2.0,2 days 00:00:00.000000000
146507,,,,,,,2924.0,1.0,0 days 00:00:00.000000000
146584,2079.0,1.0,0 days 00:00:00.000000000,,,,,,
146588,2859.0,1.0,1 days 00:00:00.000000000,,,,,,
146622,3963.0,2.0,2 days 00:00:00.000000000,4908.0,2.0,2 days 00:00:00.000000000,12084.0,6.0,4 days 00:00:00.000000000
146718,,,,2859.0,1.0,1 days 00:00:00.000000000,,,
146846,,,,4843.0,1.0,0 days 00:00:00.000000000,,,
146873,,,,3119.0,1.0,0 days 00:00:00.000000000,,,
147037,,,,16117.0,1.0,2 days 00:00:00.000000000,,,
147059,,,,2239.0,1.0,1 days 00:00:00.000000000,5781.0,2.0,2 days 00:00:00.000000000
147278,,,,,,,2469.0,1.0,1 days 00:00:00.000000000
147285,,,,,,,2289.0,1.0,1 days 00:00:00.000000000
147455,,,,3249.0,1.0,1 days 00:00:00.000000000,,,
147466,,,,,,,2014.0,1.0,0 days 00:00:00.000000000
147516,,,,,,,1871.0,1.0,1 days 00:00:00.000000000
148025,,,,1594.0,1.0,1 days 00:00:00.000000000,6690.0,3.0,3 days 00:00:00.000000000
148274,4547.0,1.0,2 days 00:00:00.000000000,,,,7601.0,1.0,3 days 00:00:00.000000000
148275,1314.0,1.0,1 days 00:00:00.000000000,,,,1039.0,1.0,1 days 00:00:00.000000000
148431,7018.0,2.0,2 days 00:00:00.000000000,,,,,,
148880,,,,23849.0,2.0,4 days 00:00:00.000000000,,,
149015,,,,,,,18951.0,3.0,9 days 00:00:00.000000000
149163,,,,,,,7405.0,2.0,4 days 00:00:00.000000000
149241,2989.0,1.0,1 days 00:00:00.000000000,,,,,,
149275,,,,,,,3769.0,1.0,1 days 00:00:00.000000000
149420,,,,8713.0,1.0,2 days 00:00:00.000000000,,,
149975,,,,,,,2192.0,1.0,0 days 00:00:00.000000000
150171,3509.0,1.0,0 days 00:00:00.000000000,,,,,,
150206,,,,,,,7145.0,1.0,3 days 00:00:00.000000000
150469,,,,,,,5913.0,2.0,0 days 00:00:00.000000000
150731,26512.0,1.0,0 days 00:00:00.000000000,,,,,,
150771,7147.0,3.0,1 days 00:00:00.000000000,2404.0,1.0,1 days 00:00:00.000000000,2339.0,1.0,1 days 00:00:00.000000000
150865,4484.0,1.0,0 days 00:00:00.000000000,,,,,,
151151,,,,,,,3897.0,1.0,0 days 00:00:00.000000000
151220,3897.0,1.0,2 days 00:00:00.000000000,,,,,,
151259,,,,2913.0,1.0,0 days 00:00:00.000000000,,,
151502,2339.0,1.0,0 days 00:00:00.000000000,,,,,,
151526,3704.0,1.0,0 days 00:00:00.000000000,,,,,,
151754,1884.0,1.0,1 days 00:00:00.000000000,,,,7731.0,2.0,0 days 00:00:00.000000000
151804,3236.0,1.0,0 days 00:00:00.000000000,,,,,,
151818,2274.0,1.0,1 days 00:00:00.000000000,,,,,,
152174,,,,,,,5195.0,1.0,0 days 00:00:00.000000000
152224,,,,1594.0,1.0,0 days 00:00:00.000000000,,,
152290,2664.0,1.0,1 days 00:00:00.000000000,,,,,,
152455,6201.0,1.0,0 days 00:00:00.000000000,,,,,,
152685,2757.0,1.0,0 days 00:00:00.000000000,,,,,,
153421,19589.0,6.0,0 days 00:00:00.000000000,,,,,,
153485,,,,,,,3798.0,2.0,1 days 00:00:00.000000000
153664,,,,,,,3444.0,1.0,1 days 00:00:00.000000000
153697,,,,2209.0,1.0,1 days 00:00:00.000000000,,,
153758,,,,4851.0,2.0,1 days 00:00:00.000000000,1594.0,1.0,1 days 00:00:00.000000000
153825,,,,,,,8577.0,1.0,2 days 00:00:00.000000000
153931,2079.0,1.0,0 days 00:00:00.000000000,2079.0,1.0,0 days 00:00:00.000000000,7543.0,4.0,2 days 00:00:00.000000000
153945,,,,25732.0,1.0,6 days 00:00:00.000000000,,,
154070,,,,,,,2469.0,1.0,0 days 00:00:00.000000000
154121,,,,5717.0,1.0,2 days 00:00:00.000000000,,,
154248,4288.0,2.0,0 days 00:00:00.000000000,,,,,,
154316,,,,4354.0,1.0,0 days 00:00:00.000000000,,,
154473,2924.0,1.0,1 days 00:00:00.000000000,,,,,,
154563,,,,5392.0,1.0,0 days 00:00:00.000000000,,,
154660,,,,3682.0,1.0,0 days 00:00:00.000000000,,,
154668,,,,3588.0,1.0,0 days 00:00:00.000000000,,,
154793,,,,,,,15275.0,3.0,5 days 00:00:00.000000000
154812,,,,1494.0,1.0,0 days 00:00:00.000000000,,,
154852,,,,2794.0,1.0,1 days 00:00:00.000000000,,,
154952,5496.0,3.0,2 days 00:00:00.000000000,,,,,,
155069,,,,4548.0,2.0,1 days 00:00:00.000000000,,,
155124,12280.0,3.0,0 days 00:00:00.000000000,,,,,,
155152,,,,,,,2274.0,1.0,1 days 00:00:00.000000000
155186,1884.0,1.0,1 days 00:00:00.000000000,6366.0,2.0,3 days 00:00:00.000000000,,,
155740,3769.0,1.0,0 days 00:00:00.000000000,,,,,,
155955,1884.0,1.0,0 days 00:00:00.000000000,,,,,,
156140,,,,2534.0,1.0,0 days 00:00:00.000000000,8642.0,1.0,0 days 00:00:00.000000000
156506,,,,,,,2144.0,1.0,1 days 00:00:00.000000000
156740,,,,2339.0,1.0,1 days 00:00:00.000000000,,,
156920,3379.0,1.0,0 days 00:00:00.000000000,,,,,,
157067,,,,2209.0,1.0,1 days 00:00:00.000000000,,,
158040,6107.0,1.0,0 days 00:00:00.000000000,,,,,,
158172,,,,,,,2228.0,1.0,1 days 00:00:00.000000000
158173,4744.0,1.0,1 days 00:00:00.000000000,,,,,,
158191,,,,2599.0,1.0,1 days 00:00:00.000000000,,,
158276,4549.0,1.0,1 days 00:00:00.000000000,,,,,,
158427,,,,,,,90325.0,7.0,18 days 00:00:00.000000000
158527,,,,13076.0,3.0,3 days 00:00:00.000000000,,,
159297,14815.0,1.0,0 days 00:00:00.000000000,,,,,,
159422,2102.0,1.0,1 days 00:00:00.000000000,,,,,,
159431,,,,3379.0,1.0,1 days 00:00:00.000000000,,,
159448,,,,,,,8860.0,1.0,5 days 00:00:00.000000000
159558,,,,,,,5585.0,1.0,0 days 00:00:00.000000000
159675,6237.0,1.0,0 days 00:00:00.000000000,,,,,,
159873,,,,2469.0,1.0,0 days 00:00:00.000000000,,,
160056,,,,2729.0,1.0,1 days 00:00:00.000000000,,,
160269,,,,1594.0,1.0,1 days 00:00:00.000000000,,,
160469,2014.0,1.0,0 days 00:00:00.000000000,,,,,,
160482,,,,,,,3314.0,1.0,0 days 00:00:00.000000000
160575,2339.0,1.0,0 days 00:00:00.000000000,,,,,,
160596,,,,3054.0,1.0,1 days 00:00:00.000000000,,,
160722,1819.0,1.0,1 days 00:00:00.000000000,1624.0,1.0,1 days 00:00:00.000000000,1494.0,1.0,1 days 00:00:00.000000000
161137,,,,,,,1386.0,1.0,1 days 00:00:00.000000000
161206,2859.0,1.0,1 days 00:00:00.000000000,2924.0,1.0,1 days 00:00:00.000000000,,,
161333,1559.0,1.0,1 days 00:00:00.000000000,,,,,,
161755,1949.0,1.0,0 days 00:00:00.000000000,,,,,,
161789,,,,,,,4159.0,1.0,1 days 00:00:00.000000000
161884,,,,,,,18129.0,2.0,4 days 00:00:00.000000000
161917,,,,,,,2491.0,1.0,1 days 00:00:00.000000000
162144,9486.0,2.0,2 days 00:00:00.000000000,3249.0,1.0,0 days 00:00:00.000000000,5978.0,2.0,2 days 00:00:00.000000000
162206,,,,,,,2534.0,1.0,1 days 00:00:00.000000000
162220,3985.0,1.0,1 days 00:00:00.000000000,,,,,,
162221,14035.0,1.0,0 days 00:00:00.000000000,,,,,,
162418,4029.0,1.0,1 days 00:00:00.000000000,,,,,,
162534,,,,,,,3119.0,1.0,1 days 00:00:00.000000000
162560,,,,25521.0,3.0,2 days 00:00:00.000000000,,,
162631,,,,,,,3366.0,1.0,1 days 00:00:00.000000000
162727,2664.0,1.0,1 days 00:00:00.000000000,6303.0,2.0,1 days 00:00:00.000000000,,,
162890,6887.0,3.0,2 days 00:00:00.000000000,2014.0,1.0,1 days 00:00:00.000000000,4483.0,2.0,0 days 00:00:00.000000000
162892,,,,3416.0,1.0,1 days 00:00:00.000000000,,,
162896,3463.0,1.0,2 days 00:00:00.000000000,,,,,,
163001,1819.0,1.0,1 days 00:00:00.000000000,,,,,,
163241,4028.0,2.0,1 days 00:00:00.000000000,,,,6562.0,3.0,1 days 00:00:00.000000000
163261,2274.0,1.0,0 days 00:00:00.000000000,,,,,,
163441,2209.0,1.0,1 days 00:00:00.000000000,,,,,,
163562,3588.0,1.0,1 days 00:00:00.000000000,,,,,,
163662,,,,,,,2599.0,1.0,1 days 00:00:00.000000000
163768,5457.0,1.0,2 days 00:00:00.000000000,,,,,,
163779,3119.0,1.0,1 days 00:00:00.000000000,,,,,,
163829,,,,,,,5299.0,1.0,2 days 00:00:00.000000000
163907,,,,,,,4419.0,1.0,0 days 00:00:00.000000000
163945,,,,1819.0,1.0,1 days 00:00:00.000000000,,,
164004,,,,4614.0,1.0,1 days 00:00:00.000000000,6563.0,2.0,2 days 00:00:00.000000000
164024,2924.0,1.0,1 days 00:00:00.000000000,,,,,,
164179,1998.0,1.0,1 days 00:00:00.000000000,,,,,,
164227,,,,2794.0,1.0,0 days 00:00:00.000000000,,,
164571,,,,20787.0,1.0,0 days 00:00:00.000000000,,,
164983,2785.0,1.0,1 days 00:00:00.000000000,,,,,,
165031,5977.0,3.0,2 days 00:00:00.000000000,3638.0,2.0,1 days 00:00:00.000000000,3963.0,2.0,1 days 00:00:00.000000000
165036,,,,1888.0,1.0,1 days 00:00:00.000000000,,,
165056,2469.0,1.0,1 days 00:00:00.000000000,,,,,,
165107,,,,8388.0,1.0,2 days 00:00:00.000000000,,,
165241,4677.0,1.0,0 days 00:00:00.000000000,,,,,,
165303,2599.0,1.0,1 days 00:00:00.000000000,2664.0,1.0,0 days 00:00:00.000000000,,,
165340,,,,,,,24348.0,2.0,9 days 00:00:00.000000000
165419,,,,3054.0,1.0,0 days 00:00:00.000000000,,,
166113,,,,,,,1819.0,1.0,1 days 00:00:00.000000000
166201,,,,6757.0,1.0,2 days 00:00:00.000000000,,,
166300,5004.0,1.0,1 days 00:00:00.000000000,9878.0,2.0,2 days 00:00:00.000000000,,,
166643,2664.0,1.0,0 days 00:00:00.000000000,,,,,,
166795,,,,9097.0,1.0,2 days 00:00:00.000000000,,,
166884,,,,2648.0,1.0,0 days 00:00:00.000000000,,,
166969,4029.0,1.0,0 days 00:00:00.000000000,,,,,,
167053,,,,,,,1819.0,1.0,1 days 00:00:00.000000000
167170,,,,6367.0,1.0,2 days 00:00:00.000000000,,,
167196,,,,,,,4000.0,2.0,1 days 00:00:00.000000000
167227,,,,2404.0,1.0,0 days 00:00:00.000000000,,,
167248,,,,,,,1754.0,1.0,1 days 00:00:00.000000000
167471,,,,1594.0,1.0,1 days 00:00:00.000000000,,,
168301,4808.0,2.0,2 days 00:00:00.000000000,6432.0,3.0,3 days 00:00:00.000000000,4158.0,2.0,2 days 00:00:00.000000000
168358,4419.0,1.0,1 days 00:00:00.000000000,,,,,,
168488,,,,,,,8707.0,1.0,2 days 00:00:00.000000000
168493,,,,,,,9748.0,2.0,0 days 00:00:00.000000000
168544,,,,,,,10884.0,1.0,4 days 00:00:00.000000000
168634,,,,,,,1962.0,1.0,1 days 00:00:00.000000000
168886,2404.0,1.0,0 days 00:00:00.000000000,,,,,,
168983,2201.0,1.0,0 days 00:00:00.000000000,,,,,,
168985,,,,2209.0,1.0,0 days 00:00:00.000000000,,,
169072,,,,,,,3768.0,2.0,2 days 00:00:00.000000000
169109,,,,4159.0,1.0,1 days 00:00:00.000000000,,,
169224,5654.0,1.0,0 days 00:00:00.000000000,,,,,,
169265,,,,1990.0,1.0,0 days 00:00:00.000000000,,,
169327,6482.0,1.0,2 days 00:00:00.000000000,,,,,,
169912,,,,4586.0,1.0,1 days 00:00:00.000000000,,,
170106,,,,,,,2924.0,1.0,0 days 00:00:00.000000000
170174,14036.0,2.0,0 days 00:00:00.000000000,31646.0,7.0,7 days 00:00:00.000000000,,,
170335,,,,,,,2989.0,1.0,1 days 00:00:00.000000000
170646,,,,5846.0,2.0,3 days 00:00:00.000000000,,,
170764,,,,,,,7608.0,2.0,0 days 00:00:00.000000000
170766,18775.0,3.0,0 days 00:00:00.000000000,,,,,,
171124,2729.0,1.0,0 days 00:00:00.000000000,,,,,,
171180,,,,1888.0,1.0,1 days 00:00:00.000000000,,,
171359,2404.0,1.0,1 days 00:00:00.000000000,3704.0,1.0,1 days 00:00:00.000000000,3379.0,1.0,1 days 00:00:00.000000000
171363,1859.0,1.0,1 days 00:00:00.000000000,,,,,,
171463,7016.0,1.0,3 days 00:00:00.000000000,,,,,,
171522,,,,,,,1624.0,1.0,1 days 00:00:00.000000000
171586,,,,10460.0,1.0,3 days 00:00:00.000000000,2040.0,1.0,1 days 00:00:00.000000000
171636,4158.0,2.0,1 days 00:00:00.000000000,,,,,,
171782,1754.0,1.0,1 days 00:00:00.000000000,,,,,,
171784,2664.0,1.0,1 days 00:00:00.000000000,3054.0,1.0,1 days 00:00:00.000000000,2014.0,1.0,1 days 00:00:00.000000000
172006,3752.0,1.0,1 days 00:00:00.000000000,,,,,,
172023,,,,15254.0,3.0,4 days 00:00:00.000000000,9745.0,3.0,3 days 00:00:00.000000000
172055,7473.0,2.0,2 days 00:00:00.000000000,2794.0,1.0,1 days 00:00:00.000000000,,,
172100,,,,,,,3963.0,2.0,1 days 00:00:00.000000000
172114,,,,6579.0,4.0,4 days 00:00:00.000000000,3861.0,2.0,2 days 00:00:00.000000000
172411,,,,14490.0,3.0,1 days 00:00:00.000000000,,,
172517,,,,,,,4354.0,1.0,0 days 00:00:00.000000000
172653,1689.0,1.0,0 days 00:00:00.000000000,12864.0,2.0,2 days 00:00:00.000000000,,,
172729,,,,,,,6367.0,1.0,0 days 00:00:00.000000000
173243,8780.0,3.0,0 days 00:00:00.000000000,,,,7419.0,4.0,0 days 00:00:00.000000000
173334,,,,2079.0,1.0,1 days 00:00:00.000000000,,,
173516,,,,,,,3379.0,1.0,1 days 00:00:00.000000000
173521,7601.0,1.0,3 days 00:00:00.000000000,,,,,,
173979,,,,,,,5033.0,2.0,3 days 00:00:00.000000000
175573,,,,,,,2079.0,1.0,1 days 00:00:00.000000000
175582,,,,,,,2365.0,1.0,1 days 00:00:00.000000000
175626,2404.0,1.0,0 days 00:00:00.000000000,,,,,,
175727,,,,2144.0,1.0,1 days 00:00:00.000000000,,,
175856,,,,,,,2794.0,1.0,1 days 00:00:00.000000000
175955,,,,,,,6974.0,3.0,3 days 00:00:00.000000000
177132,,,,24180.0,1.0,0 days 00:00:00.000000000,,,
177670,3638.0,2.0,1 days 00:00:00.000000000,,,,,,
177699,,,,,,,2081.0,1.0,0 days 00:00:00.000000000
177755,2209.0,1.0,1 days 00:00:00.000000000,,,,,,
177898,6173.0,3.0,1 days 00:00:00.000000000,,,,,,
178207,,,,2405.0,1.0,0 days 00:00:00.000000000,,,
178334,,,,2080.0,1.0,1 days 00:00:00.000000000,,,
178405,2274.0,1.0,1 days 00:00:00.000000000,,,,2339.0,1.0,1 days 00:00:00.000000000
178968,1819.0,1.0,1 days 00:00:00.000000000,,,,,,
179042,,,,,,,1884.0,1.0,0 days 00:00:00.000000000
179123,,,,1754.0,1.0,0 days 00:00:00.000000000,,,
179612,,,,15077.0,1.0,0 days 00:00:00.000000000,,,
179662,3964.0,1.0,0 days 00:00:00.000000000,,,,,,
179762,,,,,,,6496.0,2.0,3 days 00:00:00.000000000
179789,,,,1494.0,1.0,1 days 00:00:00.000000000,1429.0,1.0,1 days 00:00:00.000000000
179812,1819.0,1.0,1 days 00:00:00.000000000,,,,1708.0,1.0,0 days 00:00:00.000000000
179876,,,,3054.0,1.0,0 days 00:00:00.000000000,,,
179948,,,,,,,2404.0,1.0,1 days 00:00:00.000000000
179988,5654.0,1.0,0 days 00:00:00.000000000,,,,,,
180029,2404.0,1.0,1 days 00:00:00.000000000,,,,,,
180388,,,,8387.0,3.0,1 days 00:00:00.000000000,1884.0,1.0,1 days 00:00:00.000000000
180438,,,,5653.0,2.0,0 days 00:00:00.000000000,3479.0,1.0,1 days 00:00:00.000000000
180731,4607.0,1.0,2 days 00:00:00.000000000,,,,2414.0,1.0,1 days 00:00:00.000000000
180948,1559.0,1.0,1 days 00:00:00.000000000,,,,,,
181249,1429.0,1.0,1 days 00:00:00.000000000,,,,2988.0,2.0,2 days 00:00:00.000000000
181599,6360.0,1.0,4 days 00:00:00.000000000,5690.0,1.0,3 days 00:00:00.000000000,,,
181737,,,,4212.0,1.0,0 days 00:00:00.000000000,,,
181839,1949.0,1.0,1 days 00:00:00.000000000,,,,,,
181852,1624.0,1.0,1 days 00:00:00.000000000,,,,,,
182041,1884.0,1.0,0 days 00:00:00.000000000,,,,,,
182276,1980.0,1.0,1 days 00:00:00.000000000,,,,,,
182292,,,,1888.0,1.0,1 days 00:00:00.000000000,,,
182418,,,,,,,2274.0,1.0,0 days 00:00:00.000000000
182461,9747.0,1.0,0 days 00:00:00.000000000,,,,,,
182491,,,,6953.0,2.0,1 days 00:00:00.000000000,,,
182493,2469.0,1.0,0 days 00:00:00.000000000,,,,,,
182513,,,,,,,2132.0,1.0,0 days 00:00:00.000000000
182573,,,,1921.0,1.0,0 days 00:00:00.000000000,,,
182602,,,,8034.0,1.0,2 days 00:00:00.000000000,,,
182782,,,,5639.0,1.0,0 days 00:00:00.000000000,,,
182807,,,,2990.0,1.0,0 days 00:00:00.000000000,,,
182860,2014.0,1.0,1 days 00:00:00.000000000,1884.0,1.0,1 days 00:00:00.000000000,,,
182991,,,,2657.0,1.0,1 days 00:00:00.000000000,,,
183032,,,,7932.0,3.0,1 days 00:00:00.000000000,5398.0,2.0,1 days 00:00:00.000000000
183245,5589.0,1.0,0 days 00:00:00.000000000,,,,,,
183351,8528.0,1.0,4 days 00:00:00.000000000,13726.0,2.0,3 days 00:00:00.000000000,,,
183359,,,,,,,6757.0,1.0,2 days 00:00:00.000000000
183381,,,,2144.0,1.0,1 days 00:00:00.000000000,,,
183383,,,,,,,5848.0,2.0,2 days 00:00:00.000000000
183557,2599.0,1.0,0 days 00:00:00.000000000,2989.0,1.0,0 days 00:00:00.000000000,,,
183580,,,,,,,2014.0,1.0,0 days 00:00:00.000000000
183794,,,,10137.0,1.0,2 days 00:00:00.000000000,,,
183919,2664.0,1.0,1 days 00:00:00.000000000,,,,3224.0,1.0,1 days 00:00:00.000000000
184192,,,,2794.0,1.0,0 days 00:00:00.000000000,,,
184227,,,,,,,2274.0,1.0,1 days 00:00:00.000000000
184274,,,,3419.0,1.0,0 days 00:00:00.000000000,,,
184360,2989.0,1.0,0 days 00:00:00.000000000,,,,,,
184545,,,,8186.0,1.0,3 days 00:00:00.000000000,,,
184770,,,,3444.0,1.0,0 days 00:00:00.000000000,,,
184825,,,,,,,1754.0,1.0,0 days 00:00:00.000000000
184876,,,,2014.0,1.0,0 days 00:00:00.000000000,,,
184959,,,,2274.0,1.0,0 days 00:00:00.000000000,,,
185192,4157.0,1.0,2 days 00:00:00.000000000,,,,,,
185319,,,,3588.0,1.0,1 days 00:00:00.000000000,,,
185389,3054.0,1.0,1 days 00:00:00.000000000,,,,,,
185451,,,,,,,2166.0,1.0,0 days 00:00:00.000000000
185526,,,,4784.0,2.0,1 days 00:00:00.000000000,,,
185711,,,,,,,3249.0,1.0,1 days 00:00:00.000000000
186088,3314.0,1.0,1 days 00:00:00.000000000,,,,,,
186259,,,,7363.0,1.0,2 days 00:00:00.000000000,,,
186338,8445.0,1.0,0 days 00:00:00.000000000,,,,,,
186429,3964.0,1.0,0 days 00:00:00.000000000,,,,,,
186499,,,,3444.0,1.0,1 days 00:00:00.000000000,,,
186656,,,,5847.0,1.0,2 days 00:00:00.000000000,,,
186686,,,,3032.0,1.0,0 days 00:00:00.000000000,,,
186694,,,,,,,15410.0,2.0,4 days 00:00:00.000000000
186697,,,,,,,27096.0,2.0,4 days 00:00:00.000000000
186707,,,,,,,10721.0,1.0,3 days 00:00:00.000000000
186767,,,,3117.0,1.0,2 days 00:00:00.000000000,1949.0,1.0,1 days 00:00:00.000000000
187033,,,,11958.0,2.0,2 days 00:00:00.000000000,,,
187153,,,,5962.0,1.0,2 days 00:00:00.000000000,,,
187164,2859.0,1.0,1 days 00:00:00.000000000,,,,,,
187359,,,,,,,8055.0,1.0,0 days 00:00:00.000000000
187466,,,,,,,1997.0,1.0,1 days 00:00:00.000000000
187489,2153.0,1.0,0 days 00:00:00.000000000,,,,,,
187505,,,,2599.0,1.0,1 days 00:00:00.000000000,,,
187774,,,,2859.0,1.0,1 days 00:00:00.000000000,,,
187982,,,,4639.0,2.0,2 days 00:00:00.000000000,1624.0,1.0,1 days 00:00:00.000000000
188210,,,,,,,1386.0,1.0,1 days 00:00:00.000000000
188409,,,,7032.0,2.0,1 days 00:00:00.000000000,,,
188432,,,,,,,6237.0,3.0,1 days 00:00:00.000000000
188854,20079.0,6.0,3 days 00:00:00.000000000,9390.0,3.0,0 days 00:00:00.000000000,22903.0,7.0,2 days 00:00:00.000000000
188922,,,,,,,8836.0,2.0,2 days 00:00:00.000000000
189009,,,,,,,6889.0,1.0,1 days 00:00:00.000000000
189022,,,,2014.0,1.0,1 days 00:00:00.000000000,,,
189029,29049.0,1.0,0 days 00:00:00.000000000,,,,,,
189081,,,,,,,2722.0,1.0,0 days 00:00:00.000000000
189124,2989.0,1.0,1 days 00:00:00.000000000,,,,,,
189223,,,,,,,3964.0,1.0,0 days 00:00:00.000000000
189288,1559.0,1.0,1 days 00:00:00.000000000,,,,10786.0,2.0,3 days 00:00:00.000000000
189314,3160.0,1.0,0 days 00:00:00.000000000,,,,6452.0,2.0,0 days 00:00:00.000000000
189377,,,,,,,4549.0,1.0,1 days 00:00:00.000000000
189413,,,,,,,5067.0,1.0,2 days 00:00:00.000000000
189468,4417.0,1.0,2 days 00:00:00.000000000,,,,4742.0,1.0,2 days 00:00:00.000000000
189707,11434.0,2.0,2 days 00:00:00.000000000,,,,,,
189735,,,,10690.0,3.0,3 days 00:00:00.000000000,3050.0,1.0,1 days 00:00:00.000000000
189769,11834.0,2.0,5 days 00:00:00.000000000,,,,,,
189815,,,,5804.0,3.0,0 days 00:00:00.000000000,,,
189822,1689.0,1.0,1 days 00:00:00.000000000,,,,,,
189926,,,,6888.0,2.0,1 days 00:00:00.000000000,,,
190136,1606.0,1.0,0 days 00:00:00.000000000,2079.0,1.0,0 days 00:00:00.000000000,,,
190191,8444.0,2.0,4 days 00:00:00.000000000,,,,6431.0,2.0,3 days 00:00:00.000000000
190208,,,,2079.0,1.0,1 days 00:00:00.000000000,3833.0,2.0,1 days 00:00:00.000000000
190240,1689.0,1.0,1 days 00:00:00.000000000,,,,,,
190372,,,,2664.0,1.0,1 days 00:00:00.000000000,,,
190525,,,,2339.0,1.0,1 days 00:00:00.000000000,,,
190562,,,,2599.0,1.0,0 days 00:00:00.000000000,,,
190827,,,,,,,1624.0,1.0,0 days 00:00:00.000000000
190841,2270.0,1.0,1 days 00:00:00.000000000,,,,,,
191033,,,,3834.0,1.0,1 days 00:00:00.000000000,,,
191118,,,,1754.0,1.0,0 days 00:00:00.000000000,,,
191386,,,,9551.0,1.0,3 days 00:00:00.000000000,,,
191472,1689.0,1.0,0 days 00:00:00.000000000,,,,,,
191500,2044.0,1.0,0 days 00:00:00.000000000,,,,,,
191576,2018.0,1.0,1 days 00:00:00.000000000,,,,,,
191615,,,,5264.0,1.0,0 days 00:00:00.000000000,,,
191653,,,,3379.0,1.0,1 days 00:00:00.000000000,,,
191727,,,,,,,1859.0,1.0,1 days 00:00:00.000000000
191728,,,,,,,2339.0,1.0,1 days 00:00:00.000000000
191775,2079.0,1.0,1 days 00:00:00.000000000,,,,,,
192011,,,,2315.0,1.0,1 days 00:00:00.000000000,,,
192035,5133.0,2.0,2 days 00:00:00.000000000,,,,2274.0,1.0,1 days 00:00:00.000000000
192056,,,,5066.0,1.0,0 days 00:00:00.000000000,,,
192084,7992.0,3.0,1 days 00:00:00.000000000,2847.0,1.0,0 days 00:00:00.000000000,,,
192119,,,,1819.0,1.0,1 days 00:00:00.000000000,2079.0,1.0,1 days 00:00:00.000000000
192162,4483.0,2.0,1 days 00:00:00.000000000,,,,,,
192192,2209.0,1.0,1 days 00:00:00.000000000,,,,,,
192208,,,,2924.0,1.0,0 days 00:00:00.000000000,,,
192450,,,,5459.0,1.0,1 days 00:00:00.000000000,,,
192648,3336.0,1.0,0 days 00:00:00.000000000,,,,,,
192914,,,,3249.0,1.0,1 days 00:00:00.000000000,,,
193036,27267.0,3.0,2 days 00:00:00.000000000,32242.0,3.0,5 days 00:00:00.000000000,58216.0,6.0,6 days 00:00:00.000000000
193104,,,,5502.0,1.0,2 days 00:00:00.000000000,,,
193136,2469.0,1.0,0 days 00:00:00.000000000,6786.0,2.0,1 days 00:00:00.000000000,,,
193154,,,,8771.0,1.0,0 days 00:00:00.000000000,,,
193175,9030.0,3.0,4 days 00:00:00.000000000,7471.0,2.0,3 days 00:00:00.000000000,4547.0,1.0,2 days 00:00:00.000000000
193476,,,,,,,3403.0,1.0,2 days 00:00:00.000000000
193630,,,,,,,2079.0,1.0,0 days 00:00:00.000000000
193742,3832.0,1.0,2 days 00:00:00.000000000,,,,,,
193867,,,,,,,4159.0,1.0,0 days 00:00:00.000000000
194124,1819.0,1.0,1 days 00:00:00.000000000,,,,,,
194199,,,,,,,2469.0,1.0,0 days 00:00:00.000000000
194263,2079.0,1.0,1 days 00:00:00.000000000,,,,,,
194329,,,,,,,26415.0,2.0,7 days 00:00:00.000000000
194653,,,,1869.0,1.0,1 days 00:00:00.000000000,,,
194812,6822.0,1.0,0 days 00:00:00.000000000,,,,,,
194849,,,,9227.0,1.0,2 days 00:00:00.000000000,,,
194874,,,,,,,4937.0,1.0,2 days 00:00:00.000000000
195179,,,,11044.0,2.0,2 days 00:00:00.000000000,,,
195264,4289.0,1.0,0 days 00:00:00.000000000,,,,,,
195338,2144.0,1.0,1 days 00:00:00.000000000,,,,,,
195339,1819.0,1.0,0 days 00:00:00.000000000,1819.0,1.0,1 days 00:00:00.000000000,,,
195442,,,,,,,3314.0,2.0,2 days 00:00:00.000000000
195573,,,,2534.0,1.0,0 days 00:00:00.000000000,,,
195741,2859.0,1.0,0 days 00:00:00.000000000,,,,,,
195788,2014.0,1.0,0 days 00:00:00.000000000,,,,,,
195863,,,,,,,3769.0,1.0,0 days 00:00:00.000000000
195924,5198.0,2.0,0 days 00:00:00.000000000,,,,5133.0,2.0,1 days 00:00:00.000000000
195965,,,,1884.0,1.0,1 days 00:00:00.000000000,,,
196020,2339.0,1.0,0 days 00:00:00.000000000,,,,,,
196554,,,,2859.0,1.0,1 days 00:00:00.000000000,,,
196588,2734.0,1.0,1 days 00:00:00.000000000,,,,,,
196670,,,,3120.0,1.0,0 days 00:00:00.000000000,,,
196829,,,,8769.0,1.0,5 days 00:00:00.000000000,13965.0,2.0,8 days 00:00:00.000000000
197147,,,,8991.0,1.0,0 days 00:00:00.000000000,,,
197267,3964.0,1.0,1 days 00:00:00.000000000,,,,,,
197313,4157.0,1.0,2 days 00:00:00.000000000,,,,,,
197333,,,,6230.0,2.0,1 days 00:00:00.000000000,,,
197416,,,,2469.0,1.0,0 days 00:00:00.000000000,,,
197630,,,,2166.0,1.0,0 days 00:00:00.000000000,,,
197635,3897.0,1.0,2 days 00:00:00.000000000,,,,,,
197674,5263.0,2.0,1 days 00:00:00.000000000,,,,,,
197706,,,,,,,6239.0,1.0,0 days 00:00:00.000000000
197733,,,,3898.0,2.0,1 days 00:00:00.000000000,4288.0,2.0,1 days 00:00:00.000000000
198590,2144.0,1.0,1 days 00:00:00.000000000,,,,,,
198621,,,,,,,4614.0,1.0,0 days 00:00:00.000000000
198706,,,,2079.0,1.0,0 days 00:00:00.000000000,2274.0,1.0,0 days 00:00:00.000000000
198949,,,,,,,4159.0,1.0,1 days 00:00:00.000000000
198997,18057.0,1.0,0 days 00:00:00.000000000,,,,,,
199279,,,,6162.0,1.0,0 days 00:00:00.000000000,,,
199293,2274.0,1.0,1 days 00:00:00.000000000,,,,,,
199593,,,,8253.0,2.0,2 days 00:00:00.000000000,,,
199611,,,,2188.0,1.0,0 days 00:00:00.000000000,,,
199674,,,,,,,3020.0,1.0,0 days 00:00:00.000000000
199763,,,,2192.0,1.0,1 days 00:00:00.000000000,2652.0,1.0,0 days 00:00:00.000000000
199850,,,,,,,2144.0,1.0,0 days 00:00:00.000000000
199981,,,,2599.0,1.0,1 days 00:00:00.000000000,,,
